"rok","mc","wojewodztwo","status_realizacji","liczba_recept"
"2020","04",DOLNOŚLĄSKIE,ZREALIZOWANA,"2345"
"2020","04",DOLNOŚLĄSKIE,WYSTAWIONA,"5"
"2020","04",KUJAWSKO-POMORSKIE,ZREALIZOWANA,"676"
"2020","04",KUJAWSKO-POMORSKIE,WYSTAWIONA,<5
"2020","04",LUBELSKIE,ZREALIZOWANA,"1850"
"2020","04",LUBELSKIE,WYSTAWIONA,<5
"2020","04",LUBUSKIE,ZREALIZOWANA,"836"
"2020","04",ŁÓDZKIE,ZREALIZOWANA,"1708"
"2020","04",ŁÓDZKIE,WYSTAWIONA,"10"
"2020","04",MAŁOPOLSKIE,ZREALIZOWANA,"4832"
"2020","04",MAŁOPOLSKIE,WYSTAWIONA,"13"
"2020","04",MAZOWIECKIE,ZREALIZOWANA,"3038"
"2020","04",MAZOWIECKIE,WYSTAWIONA,"36"
"2020","04",OPOLSKIE,ZREALIZOWANA,"656"
"2020","04",OPOLSKIE,WYSTAWIONA,<5
"2020","04",PODKARPACKIE,ZREALIZOWANA,"1123"
"2020","04",PODLASKIE,ZREALIZOWANA,"1252"
"2020","04",PODLASKIE,WYSTAWIONA,"6"
"2020","04",POMORSKIE,ZREALIZOWANA,"996"
"2020","04",POMORSKIE,WYSTAWIONA,<5
"2020","04",ŚLĄSKIE,ZREALIZOWANA,"6248"
"2020","04",ŚLĄSKIE,WYSTAWIONA,"5"
"2020","04",ŚWIĘTOKRZYSKIE,ZREALIZOWANA,"1568"
"2020","04",ŚWIĘTOKRZYSKIE,WYSTAWIONA,<5
"2020","04",WARMIŃSKO-MAZURSKIE,ZREALIZOWANA,"402"
"2020","04",WIELKOPOLSKIE,ZREALIZOWANA,"7664"
"2020","04",WIELKOPOLSKIE,WYSTAWIONA,"72"
"2020","04",ZACHODNIOPOMORSKIE,ZREALIZOWANA,"1033"
"2020","04",ZACHODNIOPOMORSKIE,WYSTAWIONA,"8"
"2020","04",,ZREALIZOWANA,"298"
"2020","05",DOLNOŚLĄSKIE,ZREALIZOWANA,"4006"
"2020","05",DOLNOŚLĄSKIE,WYSTAWIONA,"45"
"2020","05",KUJAWSKO-POMORSKIE,ZREALIZOWANA,"1253"
"2020","05",KUJAWSKO-POMORSKIE,WYSTAWIONA,"64"
"2020","05",LUBELSKIE,ZREALIZOWANA,"2950"
"2020","05",LUBELSKIE,WYSTAWIONA,"11"
"2020","05",LUBUSKIE,ZREALIZOWANA,"1485"
"2020","05",LUBUSKIE,WYSTAWIONA,"6"
"2020","05",ŁÓDZKIE,ZREALIZOWANA,"3270"
"2020","05",ŁÓDZKIE,WYSTAWIONA,"25"
"2020","05",MAŁOPOLSKIE,ZREALIZOWANA,"7688"
"2020","05",MAŁOPOLSKIE,WYSTAWIONA,"158"
"2020","05",MAZOWIECKIE,ZREALIZOWANA,"5028"
"2020","05",MAZOWIECKIE,WYSTAWIONA,"277"
"2020","05",OPOLSKIE,ZREALIZOWANA,"1121"
"2020","05",OPOLSKIE,WYSTAWIONA,"31"
"2020","05",PODKARPACKIE,ZREALIZOWANA,"2057"
"2020","05",PODKARPACKIE,WYSTAWIONA,"26"
"2020","05",PODLASKIE,ZREALIZOWANA,"2228"
"2020","05",PODLASKIE,WYSTAWIONA,"15"
"2020","05",POMORSKIE,ZREALIZOWANA,"1732"
"2020","05",POMORSKIE,WYSTAWIONA,"89"
"2020","05",ŚLĄSKIE,ZREALIZOWANA,"8413"
"2020","05",ŚLĄSKIE,WYSTAWIONA,"288"
"2020","05",ŚWIĘTOKRZYSKIE,ZREALIZOWANA,"2650"
"2020","05",ŚWIĘTOKRZYSKIE,WYSTAWIONA,"34"
"2020","05",WARMIŃSKO-MAZURSKIE,ZREALIZOWANA,"558"
"2020","05",WARMIŃSKO-MAZURSKIE,WYSTAWIONA,"73"
"2020","05",WIELKOPOLSKIE,ZREALIZOWANA,"13684"
"2020","05",WIELKOPOLSKIE,WYSTAWIONA,"243"
"2020","05",ZACHODNIOPOMORSKIE,ZREALIZOWANA,"1486"
"2020","05",ZACHODNIOPOMORSKIE,WYSTAWIONA,"38"
"2020","05",,ZREALIZOWANA,"481"
"2020","06",DOLNOŚLĄSKIE,ZREALIZOWANA,"4401"
"2020","06",DOLNOŚLĄSKIE,WYSTAWIONA,"35"
"2020","06",KUJAWSKO-POMORSKIE,ZREALIZOWANA,"1254"
"2020","06",KUJAWSKO-POMORSKIE,WYSTAWIONA,"86"
"2020","06",LUBELSKIE,ZREALIZOWANA,"3430"
"2020","06",LUBELSKIE,WYSTAWIONA,"40"
"2020","06",LUBUSKIE,ZREALIZOWANA,"1983"
"2020","06",LUBUSKIE,WYSTAWIONA,"6"
"2020","06",ŁÓDZKIE,ZREALIZOWANA,"3366"
"2020","06",ŁÓDZKIE,WYSTAWIONA,"47"
"2020","06",MAŁOPOLSKIE,ZREALIZOWANA,"10733"
"2020","06",MAŁOPOLSKIE,WYSTAWIONA,"120"
"2020","06",MAZOWIECKIE,ZREALIZOWANA,"5658"
"2020","06",MAZOWIECKIE,WYSTAWIONA,"251"
"2020","06",OPOLSKIE,ZREALIZOWANA,"1468"
"2020","06",OPOLSKIE,WYSTAWIONA,"10"
"2020","06",PODKARPACKIE,ZREALIZOWANA,"2753"
"2020","06",PODKARPACKIE,WYSTAWIONA,"62"
"2020","06",PODLASKIE,ZREALIZOWANA,"2594"
"2020","06",PODLASKIE,WYSTAWIONA,"33"
"2020","06",POMORSKIE,ZREALIZOWANA,"2378"
"2020","06",POMORSKIE,WYSTAWIONA,"166"
"2020","06",ŚLĄSKIE,ZREALIZOWANA,"10383"
"2020","06",ŚLĄSKIE,WYSTAWIONA,"259"
"2020","06",ŚWIĘTOKRZYSKIE,ZREALIZOWANA,"3371"
"2020","06",ŚWIĘTOKRZYSKIE,WYSTAWIONA,"27"
"2020","06",WARMIŃSKO-MAZURSKIE,ZREALIZOWANA,"596"
"2020","06",WARMIŃSKO-MAZURSKIE,WYSTAWIONA,"63"
"2020","06",WIELKOPOLSKIE,ZREALIZOWANA,"16802"
"2020","06",WIELKOPOLSKIE,WYSTAWIONA,"226"
"2020","06",ZACHODNIOPOMORSKIE,ZREALIZOWANA,"2140"
"2020","06",ZACHODNIOPOMORSKIE,WYSTAWIONA,"110"
"2020","06",,ZREALIZOWANA,"454"
"2020","07",DOLNOŚLĄSKIE,ZREALIZOWANA,"5388"
"2020","07",DOLNOŚLĄSKIE,WYSTAWIONA,"49"
"2020","07",KUJAWSKO-POMORSKIE,ZREALIZOWANA,"1552"
"2020","07",KUJAWSKO-POMORSKIE,WYSTAWIONA,"96"
"2020","07",LUBELSKIE,ZREALIZOWANA,"3754"
"2020","07",LUBELSKIE,WYSTAWIONA,"398"
"2020","07",LUBUSKIE,ZREALIZOWANA,"2105"
"2020","07",LUBUSKIE,WYSTAWIONA,<5
"2020","07",ŁÓDZKIE,ZREALIZOWANA,"3674"
"2020","07",ŁÓDZKIE,WYSTAWIONA,"39"
"2020","07",MAŁOPOLSKIE,ZREALIZOWANA,"12157"
"2020","07",MAŁOPOLSKIE,WYSTAWIONA,"201"
"2020","07",MAZOWIECKIE,ZREALIZOWANA,"6294"
"2020","07",MAZOWIECKIE,WYSTAWIONA,"335"
"2020","07",OPOLSKIE,ZREALIZOWANA,"1660"
"2020","07",OPOLSKIE,WYSTAWIONA,"33"
"2020","07",PODKARPACKIE,ZREALIZOWANA,"3022"
"2020","07",PODKARPACKIE,WYSTAWIONA,"40"
"2020","07",PODLASKIE,ZREALIZOWANA,"2649"
"2020","07",PODLASKIE,WYSTAWIONA,"47"
"2020","07",POMORSKIE,ZREALIZOWANA,"2435"
"2020","07",POMORSKIE,WYSTAWIONA,"150"
"2020","07",ŚLĄSKIE,ZREALIZOWANA,"11290"
"2020","07",ŚLĄSKIE,WYSTAWIONA,"347"
"2020","07",ŚWIĘTOKRZYSKIE,ZREALIZOWANA,"3521"
"2020","07",ŚWIĘTOKRZYSKIE,WYSTAWIONA,"83"
"2020","07",WARMIŃSKO-MAZURSKIE,ZREALIZOWANA,"725"
"2020","07",WARMIŃSKO-MAZURSKIE,WYSTAWIONA,"51"
"2020","07",WIELKOPOLSKIE,ZREALIZOWANA,"17327"
"2020","07",WIELKOPOLSKIE,WYSTAWIONA,"274"
"2020","07",ZACHODNIOPOMORSKIE,ZREALIZOWANA,"2415"
"2020","07",ZACHODNIOPOMORSKIE,WYSTAWIONA,"66"
"2020","07",,ZREALIZOWANA,"462"
"2020","08",DOLNOŚLĄSKIE,ZREALIZOWANA,"5083"
"2020","08",DOLNOŚLĄSKIE,WYSTAWIONA,"44"
"2020","08",KUJAWSKO-POMORSKIE,ZREALIZOWANA,"1550"
"2020","08",KUJAWSKO-POMORSKIE,WYSTAWIONA,"41"
"2020","08",LUBELSKIE,ZREALIZOWANA,"3850"
"2020","08",LUBELSKIE,WYSTAWIONA,"567"
"2020","08",LUBUSKIE,ZREALIZOWANA,"2075"
"2020","08",LUBUSKIE,WYSTAWIONA,<5
"2020","08",ŁÓDZKIE,ZREALIZOWANA,"3656"
"2020","08",ŁÓDZKIE,WYSTAWIONA,"53"
"2020","08",MAŁOPOLSKIE,ZREALIZOWANA,"12467"
"2020","08",MAŁOPOLSKIE,WYSTAWIONA,"86"
"2020","08",MAZOWIECKIE,ZREALIZOWANA,"5955"
"2020","08",MAZOWIECKIE,WYSTAWIONA,"256"
"2020","08",OPOLSKIE,ZREALIZOWANA,"1792"
"2020","08",OPOLSKIE,WYSTAWIONA,"14"
"2020","08",PODKARPACKIE,ZREALIZOWANA,"2963"
"2020","08",PODKARPACKIE,WYSTAWIONA,<5
"2020","08",PODLASKIE,ZREALIZOWANA,"2381"
"2020","08",PODLASKIE,WYSTAWIONA,"108"
"2020","08",POMORSKIE,ZREALIZOWANA,"2554"
"2020","08",POMORSKIE,WYSTAWIONA,"155"
"2020","08",ŚLĄSKIE,ZREALIZOWANA,"10742"
"2020","08",ŚLĄSKIE,WYSTAWIONA,"308"
"2020","08",ŚWIĘTOKRZYSKIE,ZREALIZOWANA,"4213"
"2020","08",ŚWIĘTOKRZYSKIE,WYSTAWIONA,"73"
"2020","08",WARMIŃSKO-MAZURSKIE,ZREALIZOWANA,"819"
"2020","08",WARMIŃSKO-MAZURSKIE,WYSTAWIONA,"71"
"2020","08",WIELKOPOLSKIE,ZREALIZOWANA,"16945"
"2020","08",WIELKOPOLSKIE,WYSTAWIONA,"243"
"2020","08",ZACHODNIOPOMORSKIE,ZREALIZOWANA,"2308"
"2020","08",ZACHODNIOPOMORSKIE,WYSTAWIONA,"96"
"2020","08",,ZREALIZOWANA,"441"
"2020","09",DOLNOŚLĄSKIE,ZREALIZOWANA,"5211"
"2020","09",DOLNOŚLĄSKIE,WYSTAWIONA,"65"
"2020","09",KUJAWSKO-POMORSKIE,ZREALIZOWANA,"1664"
"2020","09",KUJAWSKO-POMORSKIE,WYSTAWIONA,"63"
"2020","09",LUBELSKIE,ZREALIZOWANA,"4382"
"2020","09",LUBELSKIE,WYSTAWIONA,"477"
"2020","09",LUBUSKIE,ZREALIZOWANA,"1979"
"2020","09",LUBUSKIE,WYSTAWIONA,<5
"2020","09",ŁÓDZKIE,ZREALIZOWANA,"3716"
"2020","09",ŁÓDZKIE,WYSTAWIONA,"43"
"2020","09",MAŁOPOLSKIE,ZREALIZOWANA,"14082"
"2020","09",MAŁOPOLSKIE,WYSTAWIONA,"94"
"2020","09",MAZOWIECKIE,ZREALIZOWANA,"6513"
"2020","09",MAZOWIECKIE,WYSTAWIONA,"401"
"2020","09",OPOLSKIE,ZREALIZOWANA,"1737"
"2020","09",OPOLSKIE,WYSTAWIONA,"17"
"2020","09",PODKARPACKIE,ZREALIZOWANA,"3194"
"2020","09",PODKARPACKIE,WYSTAWIONA,"14"
"2020","09",PODLASKIE,ZREALIZOWANA,"2627"
"2020","09",PODLASKIE,WYSTAWIONA,"71"
"2020","09",POMORSKIE,ZREALIZOWANA,"2459"
"2020","09",POMORSKIE,WYSTAWIONA,"118"
"2020","09",ŚLĄSKIE,ZREALIZOWANA,"11388"
"2020","09",ŚLĄSKIE,WYSTAWIONA,"262"
"2020","09",ŚWIĘTOKRZYSKIE,ZREALIZOWANA,"4505"
"2020","09",ŚWIĘTOKRZYSKIE,WYSTAWIONA,"60"
"2020","09",WARMIŃSKO-MAZURSKIE,ZREALIZOWANA,"879"
"2020","09",WARMIŃSKO-MAZURSKIE,WYSTAWIONA,"64"
"2020","09",WIELKOPOLSKIE,ZREALIZOWANA,"18059"
"2020","09",WIELKOPOLSKIE,WYSTAWIONA,"261"
"2020","09",ZACHODNIOPOMORSKIE,ZREALIZOWANA,"2242"
"2020","09",ZACHODNIOPOMORSKIE,WYSTAWIONA,"91"
"2020","09",,ZREALIZOWANA,"445"
"2020","10",DOLNOŚLĄSKIE,ZREALIZOWANA,"6087"
"2020","10",DOLNOŚLĄSKIE,WYSTAWIONA,"72"
"2020","10",KUJAWSKO-POMORSKIE,ZREALIZOWANA,"2004"
"2020","10",KUJAWSKO-POMORSKIE,WYSTAWIONA,"41"
"2020","10",LUBELSKIE,ZREALIZOWANA,"5057"
"2020","10",LUBELSKIE,WYSTAWIONA,"600"
"2020","10",LUBUSKIE,ZREALIZOWANA,"2510"
"2020","10",LUBUSKIE,WYSTAWIONA,"6"
"2020","10",ŁÓDZKIE,ZREALIZOWANA,"4228"
"2020","10",ŁÓDZKIE,WYSTAWIONA,"58"
"2020","10",MAŁOPOLSKIE,ZREALIZOWANA,"18103"
"2020","10",MAŁOPOLSKIE,WYSTAWIONA,"91"
"2020","10",MAZOWIECKIE,ZREALIZOWANA,"7973"
"2020","10",MAZOWIECKIE,WYSTAWIONA,"500"
"2020","10",OPOLSKIE,ZREALIZOWANA,"2424"
"2020","10",OPOLSKIE,WYSTAWIONA,"20"
"2020","10",PODKARPACKIE,ZREALIZOWANA,"4310"
"2020","10",PODKARPACKIE,WYSTAWIONA,"11"
"2020","10",PODLASKIE,ZREALIZOWANA,"3058"
"2020","10",PODLASKIE,WYSTAWIONA,"187"
"2020","10",POMORSKIE,ZREALIZOWANA,"2918"
"2020","10",POMORSKIE,WYSTAWIONA,"139"
"2020","10",ŚLĄSKIE,ZREALIZOWANA,"13283"
"2020","10",ŚLĄSKIE,WYSTAWIONA,"342"
"2020","10",ŚWIĘTOKRZYSKIE,ZREALIZOWANA,"6099"
"2020","10",ŚWIĘTOKRZYSKIE,WYSTAWIONA,"79"
"2020","10",WARMIŃSKO-MAZURSKIE,ZREALIZOWANA,"970"
"2020","10",WARMIŃSKO-MAZURSKIE,WYSTAWIONA,"69"
"2020","10",WIELKOPOLSKIE,ZREALIZOWANA,"20163"
"2020","10",WIELKOPOLSKIE,WYSTAWIONA,"236"
"2020","10",ZACHODNIOPOMORSKIE,ZREALIZOWANA,"2551"
"2020","10",ZACHODNIOPOMORSKIE,WYSTAWIONA,"111"
"2020","10",,ZREALIZOWANA,"504"
"2020","11",DOLNOŚLĄSKIE,ZREALIZOWANA,"6201"
"2020","11",DOLNOŚLĄSKIE,WYSTAWIONA,"69"
"2020","11",KUJAWSKO-POMORSKIE,ZREALIZOWANA,"1962"
"2020","11",KUJAWSKO-POMORSKIE,WYSTAWIONA,"69"
"2020","11",LUBELSKIE,ZREALIZOWANA,"5269"
"2020","11",LUBELSKIE,WYSTAWIONA,"573"
"2020","11",LUBUSKIE,ZREALIZOWANA,"2640"
"2020","11",LUBUSKIE,WYSTAWIONA,<5
"2020","11",ŁÓDZKIE,ZREALIZOWANA,"4400"
"2020","11",ŁÓDZKIE,WYSTAWIONA,"54"
"2020","11",MAŁOPOLSKIE,ZREALIZOWANA,"16584"
"2020","11",MAŁOPOLSKIE,WYSTAWIONA,"90"
"2020","11",MAZOWIECKIE,ZREALIZOWANA,"8809"
"2020","11",MAZOWIECKIE,WYSTAWIONA,"446"
"2020","11",OPOLSKIE,ZREALIZOWANA,"2513"
"2020","11",OPOLSKIE,WYSTAWIONA,"12"
"2020","11",PODKARPACKIE,ZREALIZOWANA,"4155"
"2020","11",PODKARPACKIE,WYSTAWIONA,"9"
"2020","11",PODLASKIE,ZREALIZOWANA,"3638"
"2020","11",PODLASKIE,WYSTAWIONA,"142"
"2020","11",POMORSKIE,ZREALIZOWANA,"3212"
"2020","11",POMORSKIE,WYSTAWIONA,"129"
"2020","11",ŚLĄSKIE,ZREALIZOWANA,"14321"
"2020","11",ŚLĄSKIE,WYSTAWIONA,"322"
"2020","11",ŚWIĘTOKRZYSKIE,ZREALIZOWANA,"6303"
"2020","11",ŚWIĘTOKRZYSKIE,WYSTAWIONA,"91"
"2020","11",WARMIŃSKO-MAZURSKIE,ZREALIZOWANA,"1046"
"2020","11",WARMIŃSKO-MAZURSKIE,WYSTAWIONA,"71"
"2020","11",WIELKOPOLSKIE,ZREALIZOWANA,"19468"
"2020","11",WIELKOPOLSKIE,WYSTAWIONA,"229"
"2020","11",ZACHODNIOPOMORSKIE,ZREALIZOWANA,"2588"
"2020","11",ZACHODNIOPOMORSKIE,WYSTAWIONA,"129"
"2020","11",,ZREALIZOWANA,"464"
"2020","12",DOLNOŚLĄSKIE,ZREALIZOWANA,"7054"
"2020","12",DOLNOŚLĄSKIE,WYSTAWIONA,"54"
"2020","12",KUJAWSKO-POMORSKIE,ZREALIZOWANA,"2532"
"2020","12",KUJAWSKO-POMORSKIE,WYSTAWIONA,"51"
"2020","12",LUBELSKIE,ZREALIZOWANA,"6610"
"2020","12",LUBELSKIE,WYSTAWIONA,"606"
"2020","12",LUBUSKIE,ZREALIZOWANA,"2725"
"2020","12",LUBUSKIE,WYSTAWIONA,<5
"2020","12",ŁÓDZKIE,ZREALIZOWANA,"5629"
"2020","12",ŁÓDZKIE,WYSTAWIONA,"52"
"2020","12",MAŁOPOLSKIE,ZREALIZOWANA,"18646"
"2020","12",MAŁOPOLSKIE,WYSTAWIONA,"121"
"2020","12",MAZOWIECKIE,ZREALIZOWANA,"9184"
"2020","12",MAZOWIECKIE,WYSTAWIONA,"560"
"2020","12",OPOLSKIE,ZREALIZOWANA,"2886"
"2020","12",OPOLSKIE,WYSTAWIONA,"15"
"2020","12",PODKARPACKIE,ZREALIZOWANA,"4920"
"2020","12",PODKARPACKIE,WYSTAWIONA,"5"
"2020","12",PODLASKIE,ZREALIZOWANA,"4240"
"2020","12",PODLASKIE,WYSTAWIONA,"109"
"2020","12",POMORSKIE,ZREALIZOWANA,"3446"
"2020","12",POMORSKIE,WYSTAWIONA,"130"
"2020","12",ŚLĄSKIE,ZREALIZOWANA,"16609"
"2020","12",ŚLĄSKIE,WYSTAWIONA,"313"
"2020","12",ŚWIĘTOKRZYSKIE,ZREALIZOWANA,"7153"
"2020","12",ŚWIĘTOKRZYSKIE,WYSTAWIONA,"40"
"2020","12",WARMIŃSKO-MAZURSKIE,ZREALIZOWANA,"1202"
"2020","12",WARMIŃSKO-MAZURSKIE,WYSTAWIONA,"72"
"2020","12",WIELKOPOLSKIE,ZREALIZOWANA,"22007"
"2020","12",WIELKOPOLSKIE,WYSTAWIONA,"251"
"2020","12",ZACHODNIOPOMORSKIE,ZREALIZOWANA,"3353"
"2020","12",ZACHODNIOPOMORSKIE,WYSTAWIONA,"150"
"2020","12",,ZREALIZOWANA,"528"
"2021","01",DOLNOŚLĄSKIE,ZREALIZOWANA,"5987"
"2021","01",DOLNOŚLĄSKIE,WYSTAWIONA,"31"
"2021","01",KUJAWSKO-POMORSKIE,ZREALIZOWANA,"2017"
"2021","01",KUJAWSKO-POMORSKIE,WYSTAWIONA,"25"
"2021","01",LUBELSKIE,ZREALIZOWANA,"5745"
"2021","01",LUBELSKIE,WYSTAWIONA,"440"
"2021","01",LUBUSKIE,ZREALIZOWANA,"2020"
"2021","01",LUBUSKIE,WYSTAWIONA,<5
"2021","01",ŁÓDZKIE,ZREALIZOWANA,"3976"
"2021","01",ŁÓDZKIE,WYSTAWIONA,"69"
"2021","01",MAŁOPOLSKIE,ZREALIZOWANA,"13757"
"2021","01",MAŁOPOLSKIE,WYSTAWIONA,"91"
"2021","01",MAZOWIECKIE,ZREALIZOWANA,"7224"
"2021","01",MAZOWIECKIE,WYSTAWIONA,"367"
"2021","01",OPOLSKIE,ZREALIZOWANA,"2471"
"2021","01",OPOLSKIE,WYSTAWIONA,"25"
"2021","01",PODKARPACKIE,ZREALIZOWANA,"3716"
"2021","01",PODKARPACKIE,WYSTAWIONA,"15"
"2021","01",PODLASKIE,ZREALIZOWANA,"3519"
"2021","01",PODLASKIE,WYSTAWIONA,"170"
"2021","01",POMORSKIE,ZREALIZOWANA,"2877"
"2021","01",POMORSKIE,WYSTAWIONA,"104"
"2021","01",ŚLĄSKIE,ZREALIZOWANA,"12486"
"2021","01",ŚLĄSKIE,WYSTAWIONA,"298"
"2021","01",ŚWIĘTOKRZYSKIE,ZREALIZOWANA,"5106"
"2021","01",ŚWIĘTOKRZYSKIE,WYSTAWIONA,"54"
"2021","01",WARMIŃSKO-MAZURSKIE,ZREALIZOWANA,"848"
"2021","01",WARMIŃSKO-MAZURSKIE,WYSTAWIONA,"63"
"2021","01",WIELKOPOLSKIE,ZREALIZOWANA,"17687"
"2021","01",WIELKOPOLSKIE,WYSTAWIONA,"214"
"2021","01",ZACHODNIOPOMORSKIE,ZREALIZOWANA,"2547"
"2021","01",ZACHODNIOPOMORSKIE,WYSTAWIONA,"124"
"2021","01",,ZREALIZOWANA,"399"
"2021","02",DOLNOŚLĄSKIE,ZREALIZOWANA,"5552"
"2021","02",DOLNOŚLĄSKIE,WYSTAWIONA,"32"
"2021","02",KUJAWSKO-POMORSKIE,ZREALIZOWANA,"1930"
"2021","02",KUJAWSKO-POMORSKIE,WYSTAWIONA,"47"
"2021","02",LUBELSKIE,ZREALIZOWANA,"5626"
"2021","02",LUBELSKIE,WYSTAWIONA,"385"
"2021","02",LUBUSKIE,ZREALIZOWANA,"1905"
"2021","02",ŁÓDZKIE,ZREALIZOWANA,"4049"
"2021","02",ŁÓDZKIE,WYSTAWIONA,"42"
"2021","02",MAŁOPOLSKIE,ZREALIZOWANA,"13518"
"2021","02",MAŁOPOLSKIE,WYSTAWIONA,"98"
"2021","02",MAZOWIECKIE,ZREALIZOWANA,"6780"
"2021","02",MAZOWIECKIE,WYSTAWIONA,"304"
"2021","02",OPOLSKIE,ZREALIZOWANA,"2282"
"2021","02",OPOLSKIE,WYSTAWIONA,"12"
"2021","02",PODKARPACKIE,ZREALIZOWANA,"3858"
"2021","02",PODKARPACKIE,WYSTAWIONA,"15"
"2021","02",PODLASKIE,ZREALIZOWANA,"3497"
"2021","02",PODLASKIE,WYSTAWIONA,"177"
"2021","02",POMORSKIE,ZREALIZOWANA,"2583"
"2021","02",POMORSKIE,WYSTAWIONA,"78"
"2021","02",ŚLĄSKIE,ZREALIZOWANA,"12066"
"2021","02",ŚLĄSKIE,WYSTAWIONA,"302"
"2021","02",ŚWIĘTOKRZYSKIE,ZREALIZOWANA,"5562"
"2021","02",ŚWIĘTOKRZYSKIE,WYSTAWIONA,"51"
"2021","02",WARMIŃSKO-MAZURSKIE,ZREALIZOWANA,"885"
"2021","02",WARMIŃSKO-MAZURSKIE,WYSTAWIONA,"55"
"2021","02",WIELKOPOLSKIE,ZREALIZOWANA,"16519"
"2021","02",WIELKOPOLSKIE,WYSTAWIONA,"204"
"2021","02",ZACHODNIOPOMORSKIE,ZREALIZOWANA,"2394"
"2021","02",ZACHODNIOPOMORSKIE,WYSTAWIONA,"100"
"2021","02",,ZREALIZOWANA,"362"
"2021","03",DOLNOŚLĄSKIE,ZREALIZOWANA,"6757"
"2021","03",DOLNOŚLĄSKIE,WYSTAWIONA,"36"
"2021","03",KUJAWSKO-POMORSKIE,ZREALIZOWANA,"2109"
"2021","03",KUJAWSKO-POMORSKIE,WYSTAWIONA,"64"
"2021","03",LUBELSKIE,ZREALIZOWANA,"7047"
"2021","03",LUBELSKIE,WYSTAWIONA,"397"
"2021","03",LUBUSKIE,ZREALIZOWANA,"2372"
"2021","03",LUBUSKIE,WYSTAWIONA,"5"
"2021","03",ŁÓDZKIE,ZREALIZOWANA,"4921"
"2021","03",ŁÓDZKIE,WYSTAWIONA,"37"
"2021","03",MAŁOPOLSKIE,ZREALIZOWANA,"16867"
"2021","03",MAŁOPOLSKIE,WYSTAWIONA,"95"
"2021","03",MAZOWIECKIE,ZREALIZOWANA,"8577"
"2021","03",MAZOWIECKIE,WYSTAWIONA,"441"
"2021","03",OPOLSKIE,ZREALIZOWANA,"2827"
"2021","03",OPOLSKIE,WYSTAWIONA,"17"
"2021","03",PODKARPACKIE,ZREALIZOWANA,"4973"
"2021","03",PODKARPACKIE,WYSTAWIONA,"28"
"2021","03",PODLASKIE,ZREALIZOWANA,"4294"
"2021","03",PODLASKIE,WYSTAWIONA,"190"
"2021","03",POMORSKIE,ZREALIZOWANA,"3179"
"2021","03",POMORSKIE,WYSTAWIONA,"98"
"2021","03",ŚLĄSKIE,ZREALIZOWANA,"14743"
"2021","03",ŚLĄSKIE,WYSTAWIONA,"329"
"2021","03",ŚWIĘTOKRZYSKIE,ZREALIZOWANA,"6784"
"2021","03",ŚWIĘTOKRZYSKIE,WYSTAWIONA,"22"
"2021","03",WARMIŃSKO-MAZURSKIE,ZREALIZOWANA,"1028"
"2021","03",WARMIŃSKO-MAZURSKIE,WYSTAWIONA,"44"
"2021","03",WIELKOPOLSKIE,ZREALIZOWANA,"20345"
"2021","03",WIELKOPOLSKIE,WYSTAWIONA,"249"
"2021","03",ZACHODNIOPOMORSKIE,ZREALIZOWANA,"2794"
"2021","03",ZACHODNIOPOMORSKIE,WYSTAWIONA,"131"
"2021","03",,ZREALIZOWANA,"440"
"2021","04",DOLNOŚLĄSKIE,ZREALIZOWANA,"7240"
"2021","04",DOLNOŚLĄSKIE,WYSTAWIONA,"41"
"2021","04",KUJAWSKO-POMORSKIE,ZREALIZOWANA,"2201"
"2021","04",KUJAWSKO-POMORSKIE,WYSTAWIONA,"38"
"2021","04",LUBELSKIE,ZREALIZOWANA,"7102"
"2021","04",LUBELSKIE,WYSTAWIONA,"416"
"2021","04",LUBUSKIE,ZREALIZOWANA,"2564"
"2021","04",LUBUSKIE,WYSTAWIONA,<5
"2021","04",ŁÓDZKIE,ZREALIZOWANA,"6269"
"2021","04",ŁÓDZKIE,WYSTAWIONA,"40"
"2021","04",MAŁOPOLSKIE,ZREALIZOWANA,"16284"
"2021","04",MAŁOPOLSKIE,WYSTAWIONA,"88"
"2021","04",MAZOWIECKIE,ZREALIZOWANA,"8670"
"2021","04",MAZOWIECKIE,WYSTAWIONA,"333"
"2021","04",OPOLSKIE,ZREALIZOWANA,"2797"
"2021","04",OPOLSKIE,WYSTAWIONA,"13"
"2021","04",PODKARPACKIE,ZREALIZOWANA,"5040"
"2021","04",PODKARPACKIE,WYSTAWIONA,"24"
"2021","04",PODLASKIE,ZREALIZOWANA,"4269"
"2021","04",PODLASKIE,WYSTAWIONA,"156"
"2021","04",POMORSKIE,ZREALIZOWANA,"3232"
"2021","04",POMORSKIE,WYSTAWIONA,"107"
"2021","04",ŚLĄSKIE,ZREALIZOWANA,"15416"
"2021","04",ŚLĄSKIE,WYSTAWIONA,"295"
"2021","04",ŚWIĘTOKRZYSKIE,ZREALIZOWANA,"6375"
"2021","04",ŚWIĘTOKRZYSKIE,WYSTAWIONA,"29"
"2021","04",WARMIŃSKO-MAZURSKIE,ZREALIZOWANA,"1151"
"2021","04",WARMIŃSKO-MAZURSKIE,WYSTAWIONA,"47"
"2021","04",WIELKOPOLSKIE,ZREALIZOWANA,"20479"
"2021","04",WIELKOPOLSKIE,WYSTAWIONA,"209"
"2021","04",ZACHODNIOPOMORSKIE,ZREALIZOWANA,"2905"
"2021","04",ZACHODNIOPOMORSKIE,WYSTAWIONA,"126"
"2021","04",,ZREALIZOWANA,"426"
"2021","05",DOLNOŚLĄSKIE,ZREALIZOWANA,"6789"
"2021","05",DOLNOŚLĄSKIE,WYSTAWIONA,"44"
"2021","05",KUJAWSKO-POMORSKIE,ZREALIZOWANA,"1930"
"2021","05",KUJAWSKO-POMORSKIE,WYSTAWIONA,"35"
"2021","05",LUBELSKIE,ZREALIZOWANA,"6543"
"2021","05",LUBELSKIE,WYSTAWIONA,"385"
"2021","05",LUBUSKIE,ZREALIZOWANA,"2398"
"2021","05",LUBUSKIE,WYSTAWIONA,<5
"2021","05",ŁÓDZKIE,ZREALIZOWANA,"8010"
"2021","05",ŁÓDZKIE,WYSTAWIONA,"49"
"2021","05",MAŁOPOLSKIE,ZREALIZOWANA,"15115"
"2021","05",MAŁOPOLSKIE,WYSTAWIONA,"80"
"2021","05",MAZOWIECKIE,ZREALIZOWANA,"7634"
"2021","05",MAZOWIECKIE,WYSTAWIONA,"334"
"2021","05",OPOLSKIE,ZREALIZOWANA,"2645"
"2021","05",OPOLSKIE,WYSTAWIONA,"23"
"2021","05",PODKARPACKIE,ZREALIZOWANA,"4477"
"2021","05",PODKARPACKIE,WYSTAWIONA,"32"
"2021","05",PODLASKIE,ZREALIZOWANA,"3588"
"2021","05",PODLASKIE,WYSTAWIONA,"175"
"2021","05",POMORSKIE,ZREALIZOWANA,"2970"
"2021","05",POMORSKIE,WYSTAWIONA,"96"
"2021","05",ŚLĄSKIE,ZREALIZOWANA,"14206"
"2021","05",ŚLĄSKIE,WYSTAWIONA,"400"
"2021","05",ŚWIĘTOKRZYSKIE,ZREALIZOWANA,"6454"
"2021","05",ŚWIĘTOKRZYSKIE,WYSTAWIONA,"22"
"2021","05",WARMIŃSKO-MAZURSKIE,ZREALIZOWANA,"1124"
"2021","05",WARMIŃSKO-MAZURSKIE,WYSTAWIONA,"45"
"2021","05",WIELKOPOLSKIE,ZREALIZOWANA,"18733"
"2021","05",WIELKOPOLSKIE,WYSTAWIONA,"232"
"2021","05",ZACHODNIOPOMORSKIE,ZREALIZOWANA,"2813"
"2021","05",ZACHODNIOPOMORSKIE,WYSTAWIONA,"120"
"2021","05",,ZREALIZOWANA,"329"
"2021","06",DOLNOŚLĄSKIE,ZREALIZOWANA,"6996"
"2021","06",DOLNOŚLĄSKIE,WYSTAWIONA,"50"
"2021","06",KUJAWSKO-POMORSKIE,ZREALIZOWANA,"2241"
"2021","06",KUJAWSKO-POMORSKIE,WYSTAWIONA,"40"
"2021","06",LUBELSKIE,ZREALIZOWANA,"7220"
"2021","06",LUBELSKIE,WYSTAWIONA,"346"
"2021","06",LUBUSKIE,ZREALIZOWANA,"2647"
"2021","06",LUBUSKIE,WYSTAWIONA,"5"
"2021","06",ŁÓDZKIE,ZREALIZOWANA,"9046"
"2021","06",ŁÓDZKIE,WYSTAWIONA,"49"
"2021","06",MAŁOPOLSKIE,ZREALIZOWANA,"16474"
"2021","06",MAŁOPOLSKIE,WYSTAWIONA,"98"
"2021","06",MAZOWIECKIE,ZREALIZOWANA,"8492"
"2021","06",MAZOWIECKIE,WYSTAWIONA,"339"
"2021","06",OPOLSKIE,ZREALIZOWANA,"2518"
"2021","06",OPOLSKIE,WYSTAWIONA,"20"
"2021","06",PODKARPACKIE,ZREALIZOWANA,"4764"
"2021","06",PODKARPACKIE,WYSTAWIONA,"24"
"2021","06",PODLASKIE,ZREALIZOWANA,"3797"
"2021","06",PODLASKIE,WYSTAWIONA,"179"
"2021","06",POMORSKIE,ZREALIZOWANA,"3165"
"2021","06",POMORSKIE,WYSTAWIONA,"122"
"2021","06",ŚLĄSKIE,ZREALIZOWANA,"15812"
"2021","06",ŚLĄSKIE,WYSTAWIONA,"426"
"2021","06",ŚWIĘTOKRZYSKIE,ZREALIZOWANA,"6680"
"2021","06",ŚWIĘTOKRZYSKIE,WYSTAWIONA,"21"
"2021","06",WARMIŃSKO-MAZURSKIE,ZREALIZOWANA,"1207"
"2021","06",WARMIŃSKO-MAZURSKIE,WYSTAWIONA,"55"
"2021","06",WIELKOPOLSKIE,ZREALIZOWANA,"20892"
"2021","06",WIELKOPOLSKIE,WYSTAWIONA,"231"
"2021","06",ZACHODNIOPOMORSKIE,ZREALIZOWANA,"3071"
"2021","06",ZACHODNIOPOMORSKIE,WYSTAWIONA,"117"
"2021","06",,ZREALIZOWANA,"344"
"2021","07",DOLNOŚLĄSKIE,ZREALIZOWANA,"7261"
"2021","07",DOLNOŚLĄSKIE,WYSTAWIONA,"51"
"2021","07",KUJAWSKO-POMORSKIE,ZREALIZOWANA,"2044"
"2021","07",KUJAWSKO-POMORSKIE,WYSTAWIONA,"33"
"2021","07",LUBELSKIE,ZREALIZOWANA,"7678"
"2021","07",LUBELSKIE,WYSTAWIONA,"205"
"2021","07",LUBUSKIE,ZREALIZOWANA,"2605"
"2021","07",LUBUSKIE,WYSTAWIONA,<5
"2021","07",ŁÓDZKIE,ZREALIZOWANA,"8903"
"2021","07",ŁÓDZKIE,WYSTAWIONA,"35"
"2021","07",MAŁOPOLSKIE,ZREALIZOWANA,"16655"
"2021","07",MAŁOPOLSKIE,WYSTAWIONA,"111"
"2021","07",MAZOWIECKIE,ZREALIZOWANA,"8673"
"2021","07",MAZOWIECKIE,WYSTAWIONA,"290"
"2021","07",OPOLSKIE,ZREALIZOWANA,"2492"
"2021","07",OPOLSKIE,WYSTAWIONA,"22"
"2021","07",PODKARPACKIE,ZREALIZOWANA,"5447"
"2021","07",PODKARPACKIE,WYSTAWIONA,"37"
"2021","07",PODLASKIE,ZREALIZOWANA,"3915"
"2021","07",PODLASKIE,WYSTAWIONA,"242"
"2021","07",POMORSKIE,ZREALIZOWANA,"3361"
"2021","07",POMORSKIE,WYSTAWIONA,"77"
"2021","07",ŚLĄSKIE,ZREALIZOWANA,"15923"
"2021","07",ŚLĄSKIE,WYSTAWIONA,"390"
"2021","07",ŚWIĘTOKRZYSKIE,ZREALIZOWANA,"6477"
"2021","07",ŚWIĘTOKRZYSKIE,WYSTAWIONA,"30"
"2021","07",WARMIŃSKO-MAZURSKIE,ZREALIZOWANA,"1258"
"2021","07",WARMIŃSKO-MAZURSKIE,WYSTAWIONA,"60"
"2021","07",WIELKOPOLSKIE,ZREALIZOWANA,"21582"
"2021","07",WIELKOPOLSKIE,WYSTAWIONA,"252"
"2021","07",ZACHODNIOPOMORSKIE,ZREALIZOWANA,"3379"
"2021","07",ZACHODNIOPOMORSKIE,WYSTAWIONA,"110"
"2021","07",,ZREALIZOWANA,"365"
"2021","08",DOLNOŚLĄSKIE,ZREALIZOWANA,"7104"
"2021","08",DOLNOŚLĄSKIE,WYSTAWIONA,"68"
"2021","08",KUJAWSKO-POMORSKIE,ZREALIZOWANA,"2058"
"2021","08",KUJAWSKO-POMORSKIE,WYSTAWIONA,"51"
"2021","08",LUBELSKIE,ZREALIZOWANA,"7446"
"2021","08",LUBELSKIE,WYSTAWIONA,"210"
"2021","08",LUBUSKIE,ZREALIZOWANA,"2554"
"2021","08",LUBUSKIE,WYSTAWIONA,<5
"2021","08",ŁÓDZKIE,ZREALIZOWANA,"8791"
"2021","08",ŁÓDZKIE,WYSTAWIONA,"54"
"2021","08",MAŁOPOLSKIE,ZREALIZOWANA,"16620"
"2021","08",MAŁOPOLSKIE,WYSTAWIONA,"115"
"2021","08",MAZOWIECKIE,ZREALIZOWANA,"8632"
"2021","08",MAZOWIECKIE,WYSTAWIONA,"388"
"2021","08",OPOLSKIE,ZREALIZOWANA,"2526"
"2021","08",OPOLSKIE,WYSTAWIONA,"31"
"2021","08",PODKARPACKIE,ZREALIZOWANA,"5936"
"2021","08",PODKARPACKIE,WYSTAWIONA,"24"
"2021","08",PODLASKIE,ZREALIZOWANA,"3608"
"2021","08",PODLASKIE,WYSTAWIONA,"193"
"2021","08",POMORSKIE,ZREALIZOWANA,"3217"
"2021","08",POMORSKIE,WYSTAWIONA,"91"
"2021","08",ŚLĄSKIE,ZREALIZOWANA,"15602"
"2021","08",ŚLĄSKIE,WYSTAWIONA,"932"
"2021","08",ŚWIĘTOKRZYSKIE,ZREALIZOWANA,"6875"
"2021","08",ŚWIĘTOKRZYSKIE,WYSTAWIONA,"37"
"2021","08",WARMIŃSKO-MAZURSKIE,ZREALIZOWANA,"1261"
"2021","08",WARMIŃSKO-MAZURSKIE,WYSTAWIONA,"69"
"2021","08",WIELKOPOLSKIE,ZREALIZOWANA,"21262"
"2021","08",WIELKOPOLSKIE,WYSTAWIONA,"212"
"2021","08",ZACHODNIOPOMORSKIE,ZREALIZOWANA,"3296"
"2021","08",ZACHODNIOPOMORSKIE,WYSTAWIONA,"130"
"2021","08",,ZREALIZOWANA,"452"
"2021","09",DOLNOŚLĄSKIE,ZREALIZOWANA,"7566"
"2021","09",DOLNOŚLĄSKIE,WYSTAWIONA,"38"
"2021","09",KUJAWSKO-POMORSKIE,ZREALIZOWANA,"1992"
"2021","09",KUJAWSKO-POMORSKIE,WYSTAWIONA,"84"
"2021","09",LUBELSKIE,ZREALIZOWANA,"7484"
"2021","09",LUBELSKIE,WYSTAWIONA,"324"
"2021","09",LUBUSKIE,ZREALIZOWANA,"2623"
"2021","09",LUBUSKIE,WYSTAWIONA,"6"
"2021","09",ŁÓDZKIE,ZREALIZOWANA,"9008"
"2021","09",ŁÓDZKIE,WYSTAWIONA,"49"
"2021","09",MAŁOPOLSKIE,ZREALIZOWANA,"16497"
"2021","09",MAŁOPOLSKIE,WYSTAWIONA,"117"
"2021","09",MAZOWIECKIE,ZREALIZOWANA,"9030"
"2021","09",MAZOWIECKIE,WYSTAWIONA,"342"
"2021","09",OPOLSKIE,ZREALIZOWANA,"2618"
"2021","09",OPOLSKIE,WYSTAWIONA,"59"
"2021","09",PODKARPACKIE,ZREALIZOWANA,"5788"
"2021","09",PODKARPACKIE,WYSTAWIONA,"35"
"2021","09",PODLASKIE,ZREALIZOWANA,"3724"
"2021","09",PODLASKIE,WYSTAWIONA,"218"
"2021","09",POMORSKIE,ZREALIZOWANA,"3181"
"2021","09",POMORSKIE,WYSTAWIONA,"87"
"2021","09",ŚLĄSKIE,ZREALIZOWANA,"15765"
"2021","09",ŚLĄSKIE,WYSTAWIONA,"1453"
"2021","09",ŚWIĘTOKRZYSKIE,ZREALIZOWANA,"6882"
"2021","09",ŚWIĘTOKRZYSKIE,WYSTAWIONA,"39"
"2021","09",WARMIŃSKO-MAZURSKIE,ZREALIZOWANA,"1203"
"2021","09",WARMIŃSKO-MAZURSKIE,WYSTAWIONA,"61"
"2021","09",WIELKOPOLSKIE,ZREALIZOWANA,"21820"
"2021","09",WIELKOPOLSKIE,WYSTAWIONA,"226"
"2021","09",ZACHODNIOPOMORSKIE,ZREALIZOWANA,"3184"
"2021","09",ZACHODNIOPOMORSKIE,WYSTAWIONA,"121"
"2021","09",,ZREALIZOWANA,"473"
"2021","10",DOLNOŚLĄSKIE,ZREALIZOWANA,"7403"
"2021","10",DOLNOŚLĄSKIE,WYSTAWIONA,"54"
"2021","10",KUJAWSKO-POMORSKIE,ZREALIZOWANA,"2135"
"2021","10",KUJAWSKO-POMORSKIE,WYSTAWIONA,"57"
"2021","10",LUBELSKIE,ZREALIZOWANA,"7646"
"2021","10",LUBELSKIE,WYSTAWIONA,"380"
"2021","10",LUBUSKIE,ZREALIZOWANA,"2836"
"2021","10",LUBUSKIE,WYSTAWIONA,<5
"2021","10",ŁÓDZKIE,ZREALIZOWANA,"8959"
"2021","10",ŁÓDZKIE,WYSTAWIONA,"40"
"2021","10",MAŁOPOLSKIE,ZREALIZOWANA,"17130"
"2021","10",MAŁOPOLSKIE,WYSTAWIONA,"80"
"2021","10",MAZOWIECKIE,ZREALIZOWANA,"9303"
"2021","10",MAZOWIECKIE,WYSTAWIONA,"284"
"2021","10",OPOLSKIE,ZREALIZOWANA,"2452"
"2021","10",OPOLSKIE,WYSTAWIONA,"36"
"2021","10",PODKARPACKIE,ZREALIZOWANA,"5983"
"2021","10",PODKARPACKIE,WYSTAWIONA,"8"
"2021","10",PODLASKIE,ZREALIZOWANA,"4030"
"2021","10",PODLASKIE,WYSTAWIONA,"332"
"2021","10",POMORSKIE,ZREALIZOWANA,"3234"
"2021","10",POMORSKIE,WYSTAWIONA,"65"
"2021","10",ŚLĄSKIE,ZREALIZOWANA,"16145"
"2021","10",ŚLĄSKIE,WYSTAWIONA,"1296"
"2021","10",ŚWIĘTOKRZYSKIE,ZREALIZOWANA,"7102"
"2021","10",ŚWIĘTOKRZYSKIE,WYSTAWIONA,"22"
"2021","10",WARMIŃSKO-MAZURSKIE,ZREALIZOWANA,"1137"
"2021","10",WARMIŃSKO-MAZURSKIE,WYSTAWIONA,"59"
"2021","10",WIELKOPOLSKIE,ZREALIZOWANA,"22844"
"2021","10",WIELKOPOLSKIE,WYSTAWIONA,"243"
"2021","10",ZACHODNIOPOMORSKIE,ZREALIZOWANA,"3364"
"2021","10",ZACHODNIOPOMORSKIE,WYSTAWIONA,"99"
"2021","10",,ZREALIZOWANA,"414"
"2021","11",DOLNOŚLĄSKIE,ZREALIZOWANA,"7372"
"2021","11",DOLNOŚLĄSKIE,WYSTAWIONA,"59"
"2021","11",KUJAWSKO-POMORSKIE,ZREALIZOWANA,"2001"
"2021","11",KUJAWSKO-POMORSKIE,WYSTAWIONA,"60"
"2021","11",LUBELSKIE,ZREALIZOWANA,"7621"
"2021","11",LUBELSKIE,WYSTAWIONA,"335"
"2021","11",LUBUSKIE,ZREALIZOWANA,"2627"
"2021","11",LUBUSKIE,WYSTAWIONA,<5
"2021","11",ŁÓDZKIE,ZREALIZOWANA,"8970"
"2021","11",ŁÓDZKIE,WYSTAWIONA,"47"
"2021","11",MAŁOPOLSKIE,ZREALIZOWANA,"18518"
"2021","11",MAŁOPOLSKIE,WYSTAWIONA,"64"
"2021","11",MAZOWIECKIE,ZREALIZOWANA,"9446"
"2021","11",MAZOWIECKIE,WYSTAWIONA,"270"
"2021","11",OPOLSKIE,ZREALIZOWANA,"2665"
"2021","11",OPOLSKIE,WYSTAWIONA,"27"
"2021","11",PODKARPACKIE,ZREALIZOWANA,"5967"
"2021","11",PODKARPACKIE,WYSTAWIONA,"12"
"2021","11",PODLASKIE,ZREALIZOWANA,"4194"
"2021","11",PODLASKIE,WYSTAWIONA,"309"
"2021","11",POMORSKIE,ZREALIZOWANA,"3196"
"2021","11",POMORSKIE,WYSTAWIONA,"79"
"2021","11",ŚLĄSKIE,ZREALIZOWANA,"16243"
"2021","11",ŚLĄSKIE,WYSTAWIONA,"1316"
"2021","11",ŚWIĘTOKRZYSKIE,ZREALIZOWANA,"6710"
"2021","11",ŚWIĘTOKRZYSKIE,WYSTAWIONA,"44"
"2021","11",WARMIŃSKO-MAZURSKIE,ZREALIZOWANA,"1047"
"2021","11",WARMIŃSKO-MAZURSKIE,WYSTAWIONA,"44"
"2021","11",WIELKOPOLSKIE,ZREALIZOWANA,"22937"
"2021","11",WIELKOPOLSKIE,WYSTAWIONA,"202"
"2021","11",ZACHODNIOPOMORSKIE,ZREALIZOWANA,"3294"
"2021","11",ZACHODNIOPOMORSKIE,WYSTAWIONA,"99"
"2021","11",,ZREALIZOWANA,"462"
"2021","12",DOLNOŚLĄSKIE,ZREALIZOWANA,"8990"
"2021","12",DOLNOŚLĄSKIE,WYSTAWIONA,"54"
"2021","12",KUJAWSKO-POMORSKIE,ZREALIZOWANA,"2504"
"2021","12",KUJAWSKO-POMORSKIE,WYSTAWIONA,"72"
"2021","12",LUBELSKIE,ZREALIZOWANA,"8562"
"2021","12",LUBELSKIE,WYSTAWIONA,"369"
"2021","12",LUBUSKIE,ZREALIZOWANA,"3182"
"2021","12",LUBUSKIE,WYSTAWIONA,"5"
"2021","12",ŁÓDZKIE,ZREALIZOWANA,"10926"
"2021","12",ŁÓDZKIE,WYSTAWIONA,"58"
"2021","12",MAŁOPOLSKIE,ZREALIZOWANA,"22814"
"2021","12",MAŁOPOLSKIE,WYSTAWIONA,"116"
"2021","12",MAZOWIECKIE,ZREALIZOWANA,"11605"
"2021","12",MAZOWIECKIE,WYSTAWIONA,"460"
"2021","12",OPOLSKIE,ZREALIZOWANA,"3319"
"2021","12",OPOLSKIE,WYSTAWIONA,"34"
"2021","12",PODKARPACKIE,ZREALIZOWANA,"7086"
"2021","12",PODKARPACKIE,WYSTAWIONA,"12"
"2021","12",PODLASKIE,ZREALIZOWANA,"4581"
"2021","12",PODLASKIE,WYSTAWIONA,"269"
"2021","12",POMORSKIE,ZREALIZOWANA,"3788"
"2021","12",POMORSKIE,WYSTAWIONA,"78"
"2021","12",ŚLĄSKIE,ZREALIZOWANA,"19663"
"2021","12",ŚLĄSKIE,WYSTAWIONA,"1614"
"2021","12",ŚWIĘTOKRZYSKIE,ZREALIZOWANA,"8154"
"2021","12",ŚWIĘTOKRZYSKIE,WYSTAWIONA,"46"
"2021","12",WARMIŃSKO-MAZURSKIE,ZREALIZOWANA,"1222"
"2021","12",WARMIŃSKO-MAZURSKIE,WYSTAWIONA,"59"
"2021","12",WIELKOPOLSKIE,ZREALIZOWANA,"26737"
"2021","12",WIELKOPOLSKIE,WYSTAWIONA,"244"
"2021","12",ZACHODNIOPOMORSKIE,ZREALIZOWANA,"3734"
"2021","12",ZACHODNIOPOMORSKIE,WYSTAWIONA,"122"
"2021","12",,ZREALIZOWANA,"530"
"2022","01",DOLNOŚLĄSKIE,ZREALIZOWANA,"7093"
"2022","01",DOLNOŚLĄSKIE,WYSTAWIONA,"34"
"2022","01",KUJAWSKO-POMORSKIE,ZREALIZOWANA,"1810"
"2022","01",KUJAWSKO-POMORSKIE,WYSTAWIONA,"56"
"2022","01",LUBELSKIE,ZREALIZOWANA,"6804"
"2022","01",LUBELSKIE,WYSTAWIONA,"367"
"2022","01",LUBUSKIE,ZREALIZOWANA,"2300"
"2022","01",LUBUSKIE,WYSTAWIONA,<5
"2022","01",ŁÓDZKIE,ZREALIZOWANA,"9550"
"2022","01",ŁÓDZKIE,WYSTAWIONA,"24"
"2022","01",MAŁOPOLSKIE,ZREALIZOWANA,"17200"
"2022","01",MAŁOPOLSKIE,WYSTAWIONA,"73"
"2022","01",MAZOWIECKIE,ZREALIZOWANA,"8256"
"2022","01",MAZOWIECKIE,WYSTAWIONA,"307"
"2022","01",OPOLSKIE,ZREALIZOWANA,"2442"
"2022","01",OPOLSKIE,WYSTAWIONA,"22"
"2022","01",PODKARPACKIE,ZREALIZOWANA,"5314"
"2022","01",PODKARPACKIE,WYSTAWIONA,"22"
"2022","01",PODLASKIE,ZREALIZOWANA,"3716"
"2022","01",PODLASKIE,WYSTAWIONA,"224"
"2022","01",POMORSKIE,ZREALIZOWANA,"3078"
"2022","01",POMORSKIE,WYSTAWIONA,"85"
"2022","01",ŚLĄSKIE,ZREALIZOWANA,"14638"
"2022","01",ŚLĄSKIE,WYSTAWIONA,"1398"
"2022","01",ŚWIĘTOKRZYSKIE,ZREALIZOWANA,"6019"
"2022","01",ŚWIĘTOKRZYSKIE,WYSTAWIONA,"32"
"2022","01",WARMIŃSKO-MAZURSKIE,ZREALIZOWANA,"948"
"2022","01",WARMIŃSKO-MAZURSKIE,WYSTAWIONA,"46"
"2022","01",WIELKOPOLSKIE,ZREALIZOWANA,"21405"
"2022","01",WIELKOPOLSKIE,WYSTAWIONA,"201"
"2022","01",ZACHODNIOPOMORSKIE,ZREALIZOWANA,"3135"
"2022","01",ZACHODNIOPOMORSKIE,WYSTAWIONA,"87"
"2022","01",,ZREALIZOWANA,"438"
"2022","02",DOLNOŚLĄSKIE,ZREALIZOWANA,"6824"
"2022","02",DOLNOŚLĄSKIE,WYSTAWIONA,"39"
"2022","02",KUJAWSKO-POMORSKIE,ZREALIZOWANA,"1749"
"2022","02",KUJAWSKO-POMORSKIE,WYSTAWIONA,"28"
"2022","02",LUBELSKIE,ZREALIZOWANA,"6340"
"2022","02",LUBELSKIE,WYSTAWIONA,"305"
"2022","02",LUBUSKIE,ZREALIZOWANA,"2201"
"2022","02",LUBUSKIE,WYSTAWIONA,<5
"2022","02",ŁÓDZKIE,ZREALIZOWANA,"8988"
"2022","02",ŁÓDZKIE,WYSTAWIONA,"16"
"2022","02",MAŁOPOLSKIE,ZREALIZOWANA,"15678"
"2022","02",MAŁOPOLSKIE,WYSTAWIONA,"98"
"2022","02",MAZOWIECKIE,ZREALIZOWANA,"7920"
"2022","02",MAZOWIECKIE,WYSTAWIONA,"299"
"2022","02",OPOLSKIE,ZREALIZOWANA,"2294"
"2022","02",OPOLSKIE,WYSTAWIONA,"24"
"2022","02",PODKARPACKIE,ZREALIZOWANA,"5375"
"2022","02",PODKARPACKIE,WYSTAWIONA,"15"
"2022","02",PODLASKIE,ZREALIZOWANA,"3507"
"2022","02",PODLASKIE,WYSTAWIONA,"195"
"2022","02",POMORSKIE,ZREALIZOWANA,"2871"
"2022","02",POMORSKIE,WYSTAWIONA,"68"
"2022","02",ŚLĄSKIE,ZREALIZOWANA,"14240"
"2022","02",ŚLĄSKIE,WYSTAWIONA,"1344"
"2022","02",ŚWIĘTOKRZYSKIE,ZREALIZOWANA,"6460"
"2022","02",ŚWIĘTOKRZYSKIE,WYSTAWIONA,"30"
"2022","02",WARMIŃSKO-MAZURSKIE,ZREALIZOWANA,"946"
"2022","02",WARMIŃSKO-MAZURSKIE,WYSTAWIONA,"38"
"2022","02",WIELKOPOLSKIE,ZREALIZOWANA,"21152"
"2022","02",WIELKOPOLSKIE,WYSTAWIONA,"231"
"2022","02",ZACHODNIOPOMORSKIE,ZREALIZOWANA,"3140"
"2022","02",ZACHODNIOPOMORSKIE,WYSTAWIONA,"67"
"2022","02",,ZREALIZOWANA,"516"
"2022","03",DOLNOŚLĄSKIE,ZREALIZOWANA,"9984"
"2022","03",DOLNOŚLĄSKIE,WYSTAWIONA,"197"
"2022","03",KUJAWSKO-POMORSKIE,ZREALIZOWANA,"2429"
"2022","03",KUJAWSKO-POMORSKIE,WYSTAWIONA,"57"
"2022","03",LUBELSKIE,ZREALIZOWANA,"9776"
"2022","03",LUBELSKIE,WYSTAWIONA,"481"
"2022","03",LUBUSKIE,ZREALIZOWANA,"3610"
"2022","03",LUBUSKIE,WYSTAWIONA,"8"
"2022","03",ŁÓDZKIE,ZREALIZOWANA,"12302"
"2022","03",ŁÓDZKIE,WYSTAWIONA,"30"
"2022","03",MAŁOPOLSKIE,ZREALIZOWANA,"23541"
"2022","03",MAŁOPOLSKIE,WYSTAWIONA,"459"
"2022","03",MAZOWIECKIE,ZREALIZOWANA,"14585"
"2022","03",MAZOWIECKIE,WYSTAWIONA,"1032"
"2022","03",OPOLSKIE,ZREALIZOWANA,"3276"
"2022","03",OPOLSKIE,WYSTAWIONA,"22"
"2022","03",PODKARPACKIE,ZREALIZOWANA,"8681"
"2022","03",PODKARPACKIE,WYSTAWIONA,"61"
"2022","03",PODLASKIE,ZREALIZOWANA,"4543"
"2022","03",PODLASKIE,WYSTAWIONA,"345"
"2022","03",POMORSKIE,ZREALIZOWANA,"4039"
"2022","03",POMORSKIE,WYSTAWIONA,"144"
"2022","03",ŚLĄSKIE,ZREALIZOWANA,"19886"
"2022","03",ŚLĄSKIE,WYSTAWIONA,"1868"
"2022","03",ŚWIĘTOKRZYSKIE,ZREALIZOWANA,"8039"
"2022","03",ŚWIĘTOKRZYSKIE,WYSTAWIONA,"105"
"2022","03",WARMIŃSKO-MAZURSKIE,ZREALIZOWANA,"1436"
"2022","03",WARMIŃSKO-MAZURSKIE,WYSTAWIONA,"45"
"2022","03",WIELKOPOLSKIE,ZREALIZOWANA,"26682"
"2022","03",WIELKOPOLSKIE,WYSTAWIONA,"381"
"2022","03",ZACHODNIOPOMORSKIE,ZREALIZOWANA,"4564"
"2022","03",ZACHODNIOPOMORSKIE,WYSTAWIONA,"78"
"2022","03",,ZREALIZOWANA,"613"
"2022","04",DOLNOŚLĄSKIE,ZREALIZOWANA,"10047"
"2022","04",DOLNOŚLĄSKIE,WYSTAWIONA,"88"
"2022","04",KUJAWSKO-POMORSKIE,ZREALIZOWANA,"2303"
"2022","04",KUJAWSKO-POMORSKIE,WYSTAWIONA,"58"
"2022","04",LUBELSKIE,ZREALIZOWANA,"8028"
"2022","04",LUBELSKIE,WYSTAWIONA,"369"
"2022","04",LUBUSKIE,ZREALIZOWANA,"3419"
"2022","04",LUBUSKIE,WYSTAWIONA,<5
"2022","04",ŁÓDZKIE,ZREALIZOWANA,"11825"
"2022","04",ŁÓDZKIE,WYSTAWIONA,"13"
"2022","04",MAŁOPOLSKIE,ZREALIZOWANA,"21790"
"2022","04",MAŁOPOLSKIE,WYSTAWIONA,"149"
"2022","04",MAZOWIECKIE,ZREALIZOWANA,"11478"
"2022","04",MAZOWIECKIE,WYSTAWIONA,"373"
"2022","04",OPOLSKIE,ZREALIZOWANA,"3328"
"2022","04",OPOLSKIE,WYSTAWIONA,"20"
"2022","04",PODKARPACKIE,ZREALIZOWANA,"7346"
"2022","04",PODKARPACKIE,WYSTAWIONA,"40"
"2022","04",PODLASKIE,ZREALIZOWANA,"4649"
"2022","04",PODLASKIE,WYSTAWIONA,"124"
"2022","04",POMORSKIE,ZREALIZOWANA,"3810"
"2022","04",POMORSKIE,WYSTAWIONA,"64"
"2022","04",ŚLĄSKIE,ZREALIZOWANA,"20315"
"2022","04",ŚLĄSKIE,WYSTAWIONA,"886"
"2022","04",ŚWIĘTOKRZYSKIE,ZREALIZOWANA,"7168"
"2022","04",ŚWIĘTOKRZYSKIE,WYSTAWIONA,"90"
"2022","04",WARMIŃSKO-MAZURSKIE,ZREALIZOWANA,"1231"
"2022","04",WARMIŃSKO-MAZURSKIE,WYSTAWIONA,"44"
"2022","04",WIELKOPOLSKIE,ZREALIZOWANA,"25524"
"2022","04",WIELKOPOLSKIE,WYSTAWIONA,"173"
"2022","04",ZACHODNIOPOMORSKIE,ZREALIZOWANA,"4097"
"2022","04",ZACHODNIOPOMORSKIE,WYSTAWIONA,"38"
"2022","04",,ZREALIZOWANA,"559"
"2022","05",DOLNOŚLĄSKIE,ZREALIZOWANA,"10451"
"2022","05",DOLNOŚLĄSKIE,WYSTAWIONA,"76"
"2022","05",KUJAWSKO-POMORSKIE,ZREALIZOWANA,"2170"
"2022","05",KUJAWSKO-POMORSKIE,WYSTAWIONA,"42"
"2022","05",LUBELSKIE,ZREALIZOWANA,"7528"
"2022","05",LUBELSKIE,WYSTAWIONA,"390"
"2022","05",LUBUSKIE,ZREALIZOWANA,"2950"
"2022","05",LUBUSKIE,WYSTAWIONA,"6"
"2022","05",ŁÓDZKIE,ZREALIZOWANA,"11419"
"2022","05",ŁÓDZKIE,WYSTAWIONA,<5
"2022","05",MAŁOPOLSKIE,ZREALIZOWANA,"20306"
"2022","05",MAŁOPOLSKIE,WYSTAWIONA,"137"
"2022","05",MAZOWIECKIE,ZREALIZOWANA,"10472"
"2022","05",MAZOWIECKIE,WYSTAWIONA,"211"
"2022","05",OPOLSKIE,ZREALIZOWANA,"3195"
"2022","05",OPOLSKIE,WYSTAWIONA,"22"
"2022","05",PODKARPACKIE,ZREALIZOWANA,"7027"
"2022","05",PODKARPACKIE,WYSTAWIONA,"20"
"2022","05",PODLASKIE,ZREALIZOWANA,"4588"
"2022","05",PODLASKIE,WYSTAWIONA,"30"
"2022","05",POMORSKIE,ZREALIZOWANA,"3579"
"2022","05",POMORSKIE,WYSTAWIONA,"40"
"2022","05",ŚLĄSKIE,ZREALIZOWANA,"19455"
"2022","05",ŚLĄSKIE,WYSTAWIONA,"214"
"2022","05",ŚWIĘTOKRZYSKIE,ZREALIZOWANA,"6942"
"2022","05",ŚWIĘTOKRZYSKIE,WYSTAWIONA,"63"
"2022","05",WARMIŃSKO-MAZURSKIE,ZREALIZOWANA,"1103"
"2022","05",WARMIŃSKO-MAZURSKIE,WYSTAWIONA,"31"
"2022","05",WIELKOPOLSKIE,ZREALIZOWANA,"23588"
"2022","05",WIELKOPOLSKIE,WYSTAWIONA,"136"
"2022","05",ZACHODNIOPOMORSKIE,ZREALIZOWANA,"3677"
"2022","05",ZACHODNIOPOMORSKIE,WYSTAWIONA,"34"
"2022","05",,ZREALIZOWANA,"575"
"2022","06",DOLNOŚLĄSKIE,ZREALIZOWANA,"10382"
"2022","06",DOLNOŚLĄSKIE,WYSTAWIONA,"52"
"2022","06",KUJAWSKO-POMORSKIE,ZREALIZOWANA,"1977"
"2022","06",KUJAWSKO-POMORSKIE,WYSTAWIONA,"30"
"2022","06",LUBELSKIE,ZREALIZOWANA,"6970"
"2022","06",LUBELSKIE,WYSTAWIONA,"398"
"2022","06",LUBUSKIE,ZREALIZOWANA,"2918"
"2022","06",LUBUSKIE,WYSTAWIONA,"7"
"2022","06",ŁÓDZKIE,ZREALIZOWANA,"10648"
"2022","06",ŁÓDZKIE,WYSTAWIONA,"5"
"2022","06",MAŁOPOLSKIE,ZREALIZOWANA,"19110"
"2022","06",MAŁOPOLSKIE,WYSTAWIONA,"123"
"2022","06",MAZOWIECKIE,ZREALIZOWANA,"9816"
"2022","06",MAZOWIECKIE,WYSTAWIONA,"162"
"2022","06",OPOLSKIE,ZREALIZOWANA,"3232"
"2022","06",OPOLSKIE,WYSTAWIONA,"18"
"2022","06",PODKARPACKIE,ZREALIZOWANA,"6820"
"2022","06",PODKARPACKIE,WYSTAWIONA,"9"
"2022","06",PODLASKIE,ZREALIZOWANA,"4478"
"2022","06",PODLASKIE,WYSTAWIONA,"23"
"2022","06",POMORSKIE,ZREALIZOWANA,"3484"
"2022","06",POMORSKIE,WYSTAWIONA,"31"
"2022","06",ŚLĄSKIE,ZREALIZOWANA,"19220"
"2022","06",ŚLĄSKIE,WYSTAWIONA,"167"
"2022","06",ŚWIĘTOKRZYSKIE,ZREALIZOWANA,"6809"
"2022","06",ŚWIĘTOKRZYSKIE,WYSTAWIONA,"44"
"2022","06",WARMIŃSKO-MAZURSKIE,ZREALIZOWANA,"970"
"2022","06",WARMIŃSKO-MAZURSKIE,WYSTAWIONA,"32"
"2022","06",WIELKOPOLSKIE,ZREALIZOWANA,"23110"
"2022","06",WIELKOPOLSKIE,WYSTAWIONA,"111"
"2022","06",ZACHODNIOPOMORSKIE,ZREALIZOWANA,"3940"
"2022","06",ZACHODNIOPOMORSKIE,WYSTAWIONA,"27"
"2022","06",,ZREALIZOWANA,"496"
"2022","07",DOLNOŚLĄSKIE,ZREALIZOWANA,"10198"
"2022","07",DOLNOŚLĄSKIE,WYSTAWIONA,"48"
"2022","07",KUJAWSKO-POMORSKIE,ZREALIZOWANA,"1798"
"2022","07",KUJAWSKO-POMORSKIE,WYSTAWIONA,"24"
"2022","07",LUBELSKIE,ZREALIZOWANA,"7054"
"2022","07",LUBELSKIE,WYSTAWIONA,"248"
"2022","07",LUBUSKIE,ZREALIZOWANA,"2946"
"2022","07",LUBUSKIE,WYSTAWIONA,<5
"2022","07",ŁÓDZKIE,ZREALIZOWANA,"10105"
"2022","07",ŁÓDZKIE,WYSTAWIONA,<5
"2022","07",MAŁOPOLSKIE,ZREALIZOWANA,"18238"
"2022","07",MAŁOPOLSKIE,WYSTAWIONA,"102"
"2022","07",MAZOWIECKIE,ZREALIZOWANA,"9186"
"2022","07",MAZOWIECKIE,WYSTAWIONA,"170"
"2022","07",OPOLSKIE,ZREALIZOWANA,"2987"
"2022","07",OPOLSKIE,WYSTAWIONA,"12"
"2022","07",PODKARPACKIE,ZREALIZOWANA,"6685"
"2022","07",PODKARPACKIE,WYSTAWIONA,"19"
"2022","07",PODLASKIE,ZREALIZOWANA,"4277"
"2022","07",PODLASKIE,WYSTAWIONA,"18"
"2022","07",POMORSKIE,ZREALIZOWANA,"3401"
"2022","07",POMORSKIE,WYSTAWIONA,"24"
"2022","07",ŚLĄSKIE,ZREALIZOWANA,"19031"
"2022","07",ŚLĄSKIE,WYSTAWIONA,"468"
"2022","07",ŚWIĘTOKRZYSKIE,ZREALIZOWANA,"6776"
"2022","07",ŚWIĘTOKRZYSKIE,WYSTAWIONA,"40"
"2022","07",WARMIŃSKO-MAZURSKIE,ZREALIZOWANA,"943"
"2022","07",WARMIŃSKO-MAZURSKIE,WYSTAWIONA,"30"
"2022","07",WIELKOPOLSKIE,ZREALIZOWANA,"22607"
"2022","07",WIELKOPOLSKIE,WYSTAWIONA,"119"
"2022","07",ZACHODNIOPOMORSKIE,ZREALIZOWANA,"3678"
"2022","07",ZACHODNIOPOMORSKIE,WYSTAWIONA,"34"
"2022","07",,ZREALIZOWANA,"499"
"2022","08",DOLNOŚLĄSKIE,ZREALIZOWANA,"10335"
"2022","08",DOLNOŚLĄSKIE,WYSTAWIONA,"62"
"2022","08",KUJAWSKO-POMORSKIE,ZREALIZOWANA,"2080"
"2022","08",KUJAWSKO-POMORSKIE,WYSTAWIONA,"34"
"2022","08",LUBELSKIE,ZREALIZOWANA,"7424"
"2022","08",LUBELSKIE,WYSTAWIONA,"131"
"2022","08",LUBUSKIE,ZREALIZOWANA,"2965"
"2022","08",ŁÓDZKIE,ZREALIZOWANA,"5767"
"2022","08",ŁÓDZKIE,WYSTAWIONA,"6"
"2022","08",MAŁOPOLSKIE,ZREALIZOWANA,"19570"
"2022","08",MAŁOPOLSKIE,WYSTAWIONA,"82"
"2022","08",MAZOWIECKIE,ZREALIZOWANA,"9277"
"2022","08",MAZOWIECKIE,WYSTAWIONA,"161"
"2022","08",OPOLSKIE,ZREALIZOWANA,"3135"
"2022","08",OPOLSKIE,WYSTAWIONA,"16"
"2022","08",PODKARPACKIE,ZREALIZOWANA,"7046"
"2022","08",PODKARPACKIE,WYSTAWIONA,"12"
"2022","08",PODLASKIE,ZREALIZOWANA,"4587"
"2022","08",PODLASKIE,WYSTAWIONA,"21"
"2022","08",POMORSKIE,ZREALIZOWANA,"3243"
"2022","08",POMORSKIE,WYSTAWIONA,"36"
"2022","08",ŚLĄSKIE,ZREALIZOWANA,"19341"
"2022","08",ŚLĄSKIE,WYSTAWIONA,"119"
"2022","08",ŚWIĘTOKRZYSKIE,ZREALIZOWANA,"7083"
"2022","08",ŚWIĘTOKRZYSKIE,WYSTAWIONA,"53"
"2022","08",WARMIŃSKO-MAZURSKIE,ZREALIZOWANA,"1000"
"2022","08",WARMIŃSKO-MAZURSKIE,WYSTAWIONA,<5
"2022","08",WIELKOPOLSKIE,ZREALIZOWANA,"22423"
"2022","08",WIELKOPOLSKIE,WYSTAWIONA,"133"
"2022","08",ZACHODNIOPOMORSKIE,ZREALIZOWANA,"3931"
"2022","08",ZACHODNIOPOMORSKIE,WYSTAWIONA,"30"
"2022","08",,ZREALIZOWANA,"588"
"2022","09",DOLNOŚLĄSKIE,ZREALIZOWANA,"10189"
"2022","09",DOLNOŚLĄSKIE,WYSTAWIONA,"61"
"2022","09",KUJAWSKO-POMORSKIE,ZREALIZOWANA,"2018"
"2022","09",KUJAWSKO-POMORSKIE,WYSTAWIONA,"34"
"2022","09",LUBELSKIE,ZREALIZOWANA,"6087"
"2022","09",LUBELSKIE,WYSTAWIONA,"619"
"2022","09",LUBUSKIE,ZREALIZOWANA,"2821"
"2022","09",LUBUSKIE,WYSTAWIONA,"6"
"2022","09",ŁÓDZKIE,ZREALIZOWANA,"5669"
"2022","09",ŁÓDZKIE,WYSTAWIONA,<5
"2022","09",MAŁOPOLSKIE,ZREALIZOWANA,"18136"
"2022","09",MAŁOPOLSKIE,WYSTAWIONA,"79"
"2022","09",MAZOWIECKIE,ZREALIZOWANA,"9032"
"2022","09",MAZOWIECKIE,WYSTAWIONA,"164"
"2022","09",OPOLSKIE,ZREALIZOWANA,"3150"
"2022","09",OPOLSKIE,WYSTAWIONA,"34"
"2022","09",PODKARPACKIE,ZREALIZOWANA,"6527"
"2022","09",PODKARPACKIE,WYSTAWIONA,"13"
"2022","09",PODLASKIE,ZREALIZOWANA,"4200"
"2022","09",PODLASKIE,WYSTAWIONA,"18"
"2022","09",POMORSKIE,ZREALIZOWANA,"3152"
"2022","09",POMORSKIE,WYSTAWIONA,"22"
"2022","09",ŚLĄSKIE,ZREALIZOWANA,"18994"
"2022","09",ŚLĄSKIE,WYSTAWIONA,"173"
"2022","09",ŚWIĘTOKRZYSKIE,ZREALIZOWANA,"6367"
"2022","09",ŚWIĘTOKRZYSKIE,WYSTAWIONA,"55"
"2022","09",WARMIŃSKO-MAZURSKIE,ZREALIZOWANA,"825"
"2022","09",WIELKOPOLSKIE,ZREALIZOWANA,"21344"
"2022","09",WIELKOPOLSKIE,WYSTAWIONA,"100"
"2022","09",ZACHODNIOPOMORSKIE,ZREALIZOWANA,"3719"
"2022","09",ZACHODNIOPOMORSKIE,WYSTAWIONA,"20"
"2022","09",,ZREALIZOWANA,"584"
"2022","10",DOLNOŚLĄSKIE,ZREALIZOWANA,"10254"
"2022","10",DOLNOŚLĄSKIE,WYSTAWIONA,"68"
"2022","10",KUJAWSKO-POMORSKIE,ZREALIZOWANA,"2033"
"2022","10",KUJAWSKO-POMORSKIE,WYSTAWIONA,"26"
"2022","10",LUBELSKIE,ZREALIZOWANA,"6159"
"2022","10",LUBELSKIE,WYSTAWIONA,"896"
"2022","10",LUBUSKIE,ZREALIZOWANA,"2638"
"2022","10",LUBUSKIE,WYSTAWIONA,"10"
"2022","10",ŁÓDZKIE,ZREALIZOWANA,"5688"
"2022","10",ŁÓDZKIE,WYSTAWIONA,<5
"2022","10",MAŁOPOLSKIE,ZREALIZOWANA,"18398"
"2022","10",MAŁOPOLSKIE,WYSTAWIONA,"70"
"2022","10",MAZOWIECKIE,ZREALIZOWANA,"9121"
"2022","10",MAZOWIECKIE,WYSTAWIONA,"175"
"2022","10",OPOLSKIE,ZREALIZOWANA,"3220"
"2022","10",OPOLSKIE,WYSTAWIONA,"38"
"2022","10",PODKARPACKIE,ZREALIZOWANA,"6648"
"2022","10",PODKARPACKIE,WYSTAWIONA,"16"
"2022","10",PODLASKIE,ZREALIZOWANA,"4181"
"2022","10",PODLASKIE,WYSTAWIONA,"14"
"2022","10",POMORSKIE,ZREALIZOWANA,"3197"
"2022","10",POMORSKIE,WYSTAWIONA,"27"
"2022","10",ŚLĄSKIE,ZREALIZOWANA,"19710"
"2022","10",ŚLĄSKIE,WYSTAWIONA,"109"
"2022","10",ŚWIĘTOKRZYSKIE,ZREALIZOWANA,"6503"
"2022","10",ŚWIĘTOKRZYSKIE,WYSTAWIONA,"45"
"2022","10",WARMIŃSKO-MAZURSKIE,ZREALIZOWANA,"860"
"2022","10",WIELKOPOLSKIE,ZREALIZOWANA,"21789"
"2022","10",WIELKOPOLSKIE,WYSTAWIONA,"129"
"2022","10",ZACHODNIOPOMORSKIE,ZREALIZOWANA,"3757"
"2022","10",ZACHODNIOPOMORSKIE,WYSTAWIONA,"28"
"2022","10",,ZREALIZOWANA,"402"
"2022","11",DOLNOŚLĄSKIE,ZREALIZOWANA,"9656"
"2022","11",DOLNOŚLĄSKIE,WYSTAWIONA,"39"
"2022","11",KUJAWSKO-POMORSKIE,ZREALIZOWANA,"1991"
"2022","11",KUJAWSKO-POMORSKIE,WYSTAWIONA,"32"
"2022","11",LUBELSKIE,ZREALIZOWANA,"6511"
"2022","11",LUBELSKIE,WYSTAWIONA,"547"
"2022","11",LUBUSKIE,ZREALIZOWANA,"2760"
"2022","11",LUBUSKIE,WYSTAWIONA,<5
"2022","11",ŁÓDZKIE,ZREALIZOWANA,"5497"
"2022","11",ŁÓDZKIE,WYSTAWIONA,<5
"2022","11",MAŁOPOLSKIE,ZREALIZOWANA,"17631"
"2022","11",MAŁOPOLSKIE,WYSTAWIONA,"96"
"2022","11",MAZOWIECKIE,ZREALIZOWANA,"8765"
"2022","11",MAZOWIECKIE,WYSTAWIONA,"142"
"2022","11",OPOLSKIE,ZREALIZOWANA,"3052"
"2022","11",OPOLSKIE,WYSTAWIONA,"33"
"2022","11",PODKARPACKIE,ZREALIZOWANA,"6860"
"2022","11",PODKARPACKIE,WYSTAWIONA,"19"
"2022","11",PODLASKIE,ZREALIZOWANA,"3820"
"2022","11",PODLASKIE,WYSTAWIONA,"12"
"2022","11",POMORSKIE,ZREALIZOWANA,"2890"
"2022","11",POMORSKIE,WYSTAWIONA,"16"
"2022","11",ŚLĄSKIE,ZREALIZOWANA,"18674"
"2022","11",ŚLĄSKIE,WYSTAWIONA,"96"
"2022","11",ŚWIĘTOKRZYSKIE,ZREALIZOWANA,"6414"
"2022","11",ŚWIĘTOKRZYSKIE,WYSTAWIONA,"46"
"2022","11",WARMIŃSKO-MAZURSKIE,ZREALIZOWANA,"854"
"2022","11",WIELKOPOLSKIE,ZREALIZOWANA,"21275"
"2022","11",WIELKOPOLSKIE,WYSTAWIONA,"109"
"2022","11",ZACHODNIOPOMORSKIE,ZREALIZOWANA,"3582"
"2022","11",ZACHODNIOPOMORSKIE,WYSTAWIONA,"21"
"2022","11",,ZREALIZOWANA,"398"
"2022","12",DOLNOŚLĄSKIE,ZREALIZOWANA,"12505"
"2022","12",DOLNOŚLĄSKIE,WYSTAWIONA,"43"
"2022","12",KUJAWSKO-POMORSKIE,ZREALIZOWANA,"2821"
"2022","12",KUJAWSKO-POMORSKIE,WYSTAWIONA,"29"
"2022","12",LUBELSKIE,ZREALIZOWANA,"8520"
"2022","12",LUBELSKIE,WYSTAWIONA,"40"
"2022","12",LUBUSKIE,ZREALIZOWANA,"3759"
"2022","12",LUBUSKIE,WYSTAWIONA,<5
"2022","12",ŁÓDZKIE,ZREALIZOWANA,"7019"
"2022","12",ŁÓDZKIE,WYSTAWIONA,<5
"2022","12",MAŁOPOLSKIE,ZREALIZOWANA,"23809"
"2022","12",MAŁOPOLSKIE,WYSTAWIONA,"94"
"2022","12",MAZOWIECKIE,ZREALIZOWANA,"11157"
"2022","12",MAZOWIECKIE,WYSTAWIONA,"209"
"2022","12",OPOLSKIE,ZREALIZOWANA,"3890"
"2022","12",OPOLSKIE,WYSTAWIONA,"60"
"2022","12",PODKARPACKIE,ZREALIZOWANA,"8793"
"2022","12",PODKARPACKIE,WYSTAWIONA,"19"
"2022","12",PODLASKIE,ZREALIZOWANA,"4555"
"2022","12",PODLASKIE,WYSTAWIONA,"30"
"2022","12",POMORSKIE,ZREALIZOWANA,"3611"
"2022","12",POMORSKIE,WYSTAWIONA,"23"
"2022","12",ŚLĄSKIE,ZREALIZOWANA,"24667"
"2022","12",ŚLĄSKIE,WYSTAWIONA,"107"
"2022","12",ŚWIĘTOKRZYSKIE,ZREALIZOWANA,"8296"
"2022","12",ŚWIĘTOKRZYSKIE,WYSTAWIONA,"50"
"2022","12",WARMIŃSKO-MAZURSKIE,ZREALIZOWANA,"1197"
"2022","12",WIELKOPOLSKIE,ZREALIZOWANA,"26537"
"2022","12",WIELKOPOLSKIE,WYSTAWIONA,"174"
"2022","12",ZACHODNIOPOMORSKIE,ZREALIZOWANA,"4317"
"2022","12",ZACHODNIOPOMORSKIE,WYSTAWIONA,"34"
"2022","12",,ZREALIZOWANA,"526"
"2023","01",DOLNOŚLĄSKIE,ZREALIZOWANA,"9912"
"2023","01",DOLNOŚLĄSKIE,WYSTAWIONA,"47"
"2023","01",KUJAWSKO-POMORSKIE,ZREALIZOWANA,"2065"
"2023","01",KUJAWSKO-POMORSKIE,WYSTAWIONA,"18"
"2023","01",LUBELSKIE,ZREALIZOWANA,"6525"
"2023","01",LUBELSKIE,WYSTAWIONA,"10"
"2023","01",LUBUSKIE,ZREALIZOWANA,"2624"
"2023","01",LUBUSKIE,WYSTAWIONA,<5
"2023","01",ŁÓDZKIE,ZREALIZOWANA,"6182"
"2023","01",ŁÓDZKIE,WYSTAWIONA,"7"
"2023","01",MAŁOPOLSKIE,ZREALIZOWANA,"18561"
"2023","01",MAŁOPOLSKIE,WYSTAWIONA,"76"
"2023","01",MAZOWIECKIE,ZREALIZOWANA,"8603"
"2023","01",MAZOWIECKIE,WYSTAWIONA,"156"
"2023","01",OPOLSKIE,ZREALIZOWANA,"2935"
"2023","01",OPOLSKIE,WYSTAWIONA,"41"
"2023","01",PODKARPACKIE,ZREALIZOWANA,"6867"
"2023","01",PODKARPACKIE,WYSTAWIONA,<5
"2023","01",PODLASKIE,ZREALIZOWANA,"3501"
"2023","01",PODLASKIE,WYSTAWIONA,"13"
"2023","01",POMORSKIE,ZREALIZOWANA,"2679"
"2023","01",POMORSKIE,WYSTAWIONA,"16"
"2023","01",ŚLĄSKIE,ZREALIZOWANA,"18310"
"2023","01",ŚLĄSKIE,WYSTAWIONA,"81"
"2023","01",ŚWIĘTOKRZYSKIE,ZREALIZOWANA,"6520"
"2023","01",ŚWIĘTOKRZYSKIE,WYSTAWIONA,"45"
"2023","01",WARMIŃSKO-MAZURSKIE,ZREALIZOWANA,"822"
"2023","01",WIELKOPOLSKIE,ZREALIZOWANA,"20828"
"2023","01",WIELKOPOLSKIE,WYSTAWIONA,"117"
"2023","01",ZACHODNIOPOMORSKIE,ZREALIZOWANA,"3346"
"2023","01",ZACHODNIOPOMORSKIE,WYSTAWIONA,"27"
"2023","01",,ZREALIZOWANA,"384"
"2023","02",DOLNOŚLĄSKIE,ZREALIZOWANA,"8667"
"2023","02",DOLNOŚLĄSKIE,WYSTAWIONA,"33"
"2023","02",KUJAWSKO-POMORSKIE,ZREALIZOWANA,"1765"
"2023","02",KUJAWSKO-POMORSKIE,WYSTAWIONA,"12"
"2023","02",LUBELSKIE,ZREALIZOWANA,"5994"
"2023","02",LUBELSKIE,WYSTAWIONA,<5
"2023","02",LUBUSKIE,ZREALIZOWANA,"2353"
"2023","02",LUBUSKIE,WYSTAWIONA,<5
"2023","02",ŁÓDZKIE,ZREALIZOWANA,"5555"
"2023","02",MAŁOPOLSKIE,ZREALIZOWANA,"16907"
"2023","02",MAŁOPOLSKIE,WYSTAWIONA,"68"
"2023","02",MAZOWIECKIE,ZREALIZOWANA,"7576"
"2023","02",MAZOWIECKIE,WYSTAWIONA,"158"
"2023","02",OPOLSKIE,ZREALIZOWANA,"2692"
"2023","02",OPOLSKIE,WYSTAWIONA,"20"
"2023","02",PODKARPACKIE,ZREALIZOWANA,"6585"
"2023","02",PODKARPACKIE,WYSTAWIONA,<5
"2023","02",PODLASKIE,ZREALIZOWANA,"3044"
"2023","02",PODLASKIE,WYSTAWIONA,"7"
"2023","02",POMORSKIE,ZREALIZOWANA,"2380"
"2023","02",POMORSKIE,WYSTAWIONA,"18"
"2023","02",ŚLĄSKIE,ZREALIZOWANA,"17101"
"2023","02",ŚLĄSKIE,WYSTAWIONA,"71"
"2023","02",ŚWIĘTOKRZYSKIE,ZREALIZOWANA,"5830"
"2023","02",ŚWIĘTOKRZYSKIE,WYSTAWIONA,"46"
"2023","02",WARMIŃSKO-MAZURSKIE,ZREALIZOWANA,"673"
"2023","02",WIELKOPOLSKIE,ZREALIZOWANA,"19363"
"2023","02",WIELKOPOLSKIE,WYSTAWIONA,"71"
"2023","02",ZACHODNIOPOMORSKIE,ZREALIZOWANA,"3164"
"2023","02",ZACHODNIOPOMORSKIE,WYSTAWIONA,"29"
"2023","02",,ZREALIZOWANA,"353"
"2023","03",DOLNOŚLĄSKIE,ZREALIZOWANA,"10176"
"2023","03",DOLNOŚLĄSKIE,WYSTAWIONA,"36"
"2023","03",KUJAWSKO-POMORSKIE,ZREALIZOWANA,"2018"
"2023","03",KUJAWSKO-POMORSKIE,WYSTAWIONA,"10"
"2023","03",LUBELSKIE,ZREALIZOWANA,"6944"
"2023","03",LUBELSKIE,WYSTAWIONA,"13"
"2023","03",LUBUSKIE,ZREALIZOWANA,"2515"
"2023","03",LUBUSKIE,WYSTAWIONA,<5
"2023","03",ŁÓDZKIE,ZREALIZOWANA,"6590"
"2023","03",ŁÓDZKIE,WYSTAWIONA,<5
"2023","03",MAŁOPOLSKIE,ZREALIZOWANA,"18520"
"2023","03",MAŁOPOLSKIE,WYSTAWIONA,"79"
"2023","03",MAZOWIECKIE,ZREALIZOWANA,"8463"
"2023","03",MAZOWIECKIE,WYSTAWIONA,"162"
"2023","03",OPOLSKIE,ZREALIZOWANA,"3046"
"2023","03",OPOLSKIE,WYSTAWIONA,"26"
"2023","03",PODKARPACKIE,ZREALIZOWANA,"7226"
"2023","03",PODKARPACKIE,WYSTAWIONA,"6"
"2023","03",PODLASKIE,ZREALIZOWANA,"3379"
"2023","03",PODLASKIE,WYSTAWIONA,"15"
"2023","03",POMORSKIE,ZREALIZOWANA,"2769"
"2023","03",POMORSKIE,WYSTAWIONA,"19"
"2023","03",ŚLĄSKIE,ZREALIZOWANA,"19317"
"2023","03",ŚLĄSKIE,WYSTAWIONA,"70"
"2023","03",ŚWIĘTOKRZYSKIE,ZREALIZOWANA,"6283"
"2023","03",ŚWIĘTOKRZYSKIE,WYSTAWIONA,"42"
"2023","03",WARMIŃSKO-MAZURSKIE,ZREALIZOWANA,"813"
"2023","03",WIELKOPOLSKIE,ZREALIZOWANA,"22304"
"2023","03",WIELKOPOLSKIE,WYSTAWIONA,"75"
"2023","03",ZACHODNIOPOMORSKIE,ZREALIZOWANA,"3554"
"2023","03",ZACHODNIOPOMORSKIE,WYSTAWIONA,"31"
"2023","03",,ZREALIZOWANA,"418"
"2023","04",DOLNOŚLĄSKIE,ZREALIZOWANA,"9460"
"2023","04",DOLNOŚLĄSKIE,WYSTAWIONA,"31"
"2023","04",KUJAWSKO-POMORSKIE,ZREALIZOWANA,"2024"
"2023","04",KUJAWSKO-POMORSKIE,WYSTAWIONA,"19"
"2023","04",LUBELSKIE,ZREALIZOWANA,"6362"
"2023","04",LUBELSKIE,WYSTAWIONA,"10"
"2023","04",LUBUSKIE,ZREALIZOWANA,"2286"
"2023","04",LUBUSKIE,WYSTAWIONA,<5
"2023","04",ŁÓDZKIE,ZREALIZOWANA,"6764"
"2023","04",ŁÓDZKIE,WYSTAWIONA,<5
"2023","04",MAŁOPOLSKIE,ZREALIZOWANA,"19093"
"2023","04",MAŁOPOLSKIE,WYSTAWIONA,"90"
"2023","04",MAZOWIECKIE,ZREALIZOWANA,"8403"
"2023","04",MAZOWIECKIE,WYSTAWIONA,"193"
"2023","04",OPOLSKIE,ZREALIZOWANA,"2938"
"2023","04",OPOLSKIE,WYSTAWIONA,"17"
"2023","04",PODKARPACKIE,ZREALIZOWANA,"7048"
"2023","04",PODKARPACKIE,WYSTAWIONA,<5
"2023","04",PODLASKIE,ZREALIZOWANA,"3128"
"2023","04",PODLASKIE,WYSTAWIONA,"13"
"2023","04",POMORSKIE,ZREALIZOWANA,"2733"
"2023","04",POMORSKIE,WYSTAWIONA,"16"
"2023","04",ŚLĄSKIE,ZREALIZOWANA,"19672"
"2023","04",ŚLĄSKIE,WYSTAWIONA,"59"
"2023","04",ŚWIĘTOKRZYSKIE,ZREALIZOWANA,"6321"
"2023","04",ŚWIĘTOKRZYSKIE,WYSTAWIONA,"24"
"2023","04",WARMIŃSKO-MAZURSKIE,ZREALIZOWANA,"783"
"2023","04",WIELKOPOLSKIE,ZREALIZOWANA,"21628"
"2023","04",WIELKOPOLSKIE,WYSTAWIONA,"70"
"2023","04",ZACHODNIOPOMORSKIE,ZREALIZOWANA,"3835"
"2023","04",ZACHODNIOPOMORSKIE,WYSTAWIONA,"27"
"2023","04",,ZREALIZOWANA,"422"
"2023","05",DOLNOŚLĄSKIE,ZREALIZOWANA,"9948"
"2023","05",DOLNOŚLĄSKIE,WYSTAWIONA,"36"
"2023","05",KUJAWSKO-POMORSKIE,ZREALIZOWANA,"1962"
"2023","05",KUJAWSKO-POMORSKIE,WYSTAWIONA,"10"
"2023","05",LUBELSKIE,ZREALIZOWANA,"6901"
"2023","05",LUBELSKIE,WYSTAWIONA,"18"
"2023","05",LUBUSKIE,ZREALIZOWANA,"2396"
"2023","05",LUBUSKIE,WYSTAWIONA,"7"
"2023","05",ŁÓDZKIE,ZREALIZOWANA,"7202"
"2023","05",ŁÓDZKIE,WYSTAWIONA,"6"
"2023","05",MAŁOPOLSKIE,ZREALIZOWANA,"19271"
"2023","05",MAŁOPOLSKIE,WYSTAWIONA,"95"
"2023","05",MAZOWIECKIE,ZREALIZOWANA,"8543"
"2023","05",MAZOWIECKIE,WYSTAWIONA,"192"
"2023","05",OPOLSKIE,ZREALIZOWANA,"2978"
"2023","05",OPOLSKIE,WYSTAWIONA,"5"
"2023","05",PODKARPACKIE,ZREALIZOWANA,"7143"
"2023","05",PODKARPACKIE,WYSTAWIONA,"9"
"2023","05",PODLASKIE,ZREALIZOWANA,"3022"
"2023","05",PODLASKIE,WYSTAWIONA,"14"
"2023","05",POMORSKIE,ZREALIZOWANA,"3113"
"2023","05",POMORSKIE,WYSTAWIONA,"23"
"2023","05",ŚLĄSKIE,ZREALIZOWANA,"19500"
"2023","05",ŚLĄSKIE,WYSTAWIONA,"73"
"2023","05",ŚWIĘTOKRZYSKIE,ZREALIZOWANA,"6804"
"2023","05",ŚWIĘTOKRZYSKIE,WYSTAWIONA,"29"
"2023","05",WARMIŃSKO-MAZURSKIE,ZREALIZOWANA,"793"
"2023","05",WIELKOPOLSKIE,ZREALIZOWANA,"21699"
"2023","05",WIELKOPOLSKIE,WYSTAWIONA,"80"
"2023","05",ZACHODNIOPOMORSKIE,ZREALIZOWANA,"3773"
"2023","05",ZACHODNIOPOMORSKIE,WYSTAWIONA,"26"
"2023","05",,ZREALIZOWANA,"456"
"2023","06",DOLNOŚLĄSKIE,ZREALIZOWANA,"9712"
"2023","06",DOLNOŚLĄSKIE,WYSTAWIONA,"47"
"2023","06",KUJAWSKO-POMORSKIE,ZREALIZOWANA,"2035"
"2023","06",KUJAWSKO-POMORSKIE,WYSTAWIONA,"11"
"2023","06",LUBELSKIE,ZREALIZOWANA,"6951"
"2023","06",LUBELSKIE,WYSTAWIONA,"17"
"2023","06",LUBUSKIE,ZREALIZOWANA,"2488"
"2023","06",LUBUSKIE,WYSTAWIONA,<5
"2023","06",ŁÓDZKIE,ZREALIZOWANA,"7601"
"2023","06",ŁÓDZKIE,WYSTAWIONA,"7"
"2023","06",MAŁOPOLSKIE,ZREALIZOWANA,"18792"
"2023","06",MAŁOPOLSKIE,WYSTAWIONA,"70"
"2023","06",MAZOWIECKIE,ZREALIZOWANA,"8611"
"2023","06",MAZOWIECKIE,WYSTAWIONA,"177"
"2023","06",OPOLSKIE,ZREALIZOWANA,"2846"
"2023","06",OPOLSKIE,WYSTAWIONA,"5"
"2023","06",PODKARPACKIE,ZREALIZOWANA,"7552"
"2023","06",PODKARPACKIE,WYSTAWIONA,"10"
"2023","06",PODLASKIE,ZREALIZOWANA,"2884"
"2023","06",PODLASKIE,WYSTAWIONA,"12"
"2023","06",POMORSKIE,ZREALIZOWANA,"3098"
"2023","06",POMORSKIE,WYSTAWIONA,"28"
"2023","06",ŚLĄSKIE,ZREALIZOWANA,"19734"
"2023","06",ŚLĄSKIE,WYSTAWIONA,"82"
"2023","06",ŚWIĘTOKRZYSKIE,ZREALIZOWANA,"6760"
"2023","06",ŚWIĘTOKRZYSKIE,WYSTAWIONA,"35"
"2023","06",WARMIŃSKO-MAZURSKIE,ZREALIZOWANA,"756"
"2023","06",WIELKOPOLSKIE,ZREALIZOWANA,"21255"
"2023","06",WIELKOPOLSKIE,WYSTAWIONA,"67"
"2023","06",ZACHODNIOPOMORSKIE,ZREALIZOWANA,"3997"
"2023","06",ZACHODNIOPOMORSKIE,WYSTAWIONA,"37"
"2023","06",,ZREALIZOWANA,"431"
"2023","07",DOLNOŚLĄSKIE,ZREALIZOWANA,"10154"
"2023","07",DOLNOŚLĄSKIE,WYSTAWIONA,"48"
"2023","07",KUJAWSKO-POMORSKIE,ZREALIZOWANA,"2014"
"2023","07",KUJAWSKO-POMORSKIE,WYSTAWIONA,<5
"2023","07",LUBELSKIE,ZREALIZOWANA,"6702"
"2023","07",LUBELSKIE,WYSTAWIONA,"10"
"2023","07",LUBUSKIE,ZREALIZOWANA,"2308"
"2023","07",LUBUSKIE,WYSTAWIONA,<5
"2023","07",ŁÓDZKIE,ZREALIZOWANA,"7628"
"2023","07",ŁÓDZKIE,WYSTAWIONA,"5"
"2023","07",MAŁOPOLSKIE,ZREALIZOWANA,"18715"
"2023","07",MAŁOPOLSKIE,WYSTAWIONA,"78"
"2023","07",MAZOWIECKIE,ZREALIZOWANA,"8299"
"2023","07",MAZOWIECKIE,WYSTAWIONA,"207"
"2023","07",OPOLSKIE,ZREALIZOWANA,"3488"
"2023","07",OPOLSKIE,WYSTAWIONA,<5
"2023","07",PODKARPACKIE,ZREALIZOWANA,"7487"
"2023","07",PODKARPACKIE,WYSTAWIONA,"6"
"2023","07",PODLASKIE,ZREALIZOWANA,"2771"
"2023","07",PODLASKIE,WYSTAWIONA,"18"
"2023","07",POMORSKIE,ZREALIZOWANA,"3072"
"2023","07",POMORSKIE,WYSTAWIONA,"22"
"2023","07",ŚLĄSKIE,ZREALIZOWANA,"19203"
"2023","07",ŚLĄSKIE,WYSTAWIONA,"61"
"2023","07",ŚWIĘTOKRZYSKIE,ZREALIZOWANA,"7328"
"2023","07",ŚWIĘTOKRZYSKIE,WYSTAWIONA,"37"
"2023","07",WARMIŃSKO-MAZURSKIE,ZREALIZOWANA,"825"
"2023","07",WIELKOPOLSKIE,ZREALIZOWANA,"21223"
"2023","07",WIELKOPOLSKIE,WYSTAWIONA,"80"
"2023","07",ZACHODNIOPOMORSKIE,ZREALIZOWANA,"4012"
"2023","07",ZACHODNIOPOMORSKIE,WYSTAWIONA,"48"
"2023","07",,ZREALIZOWANA,"391"
"2023","08",DOLNOŚLĄSKIE,ZREALIZOWANA,"10584"
"2023","08",DOLNOŚLĄSKIE,WYSTAWIONA,"39"
"2023","08",KUJAWSKO-POMORSKIE,ZREALIZOWANA,"2247"
"2023","08",KUJAWSKO-POMORSKIE,WYSTAWIONA,"13"
"2023","08",LUBELSKIE,ZREALIZOWANA,"7145"
"2023","08",LUBELSKIE,WYSTAWIONA,"10"
"2023","08",LUBUSKIE,ZREALIZOWANA,"2399"
"2023","08",LUBUSKIE,WYSTAWIONA,"5"
"2023","08",ŁÓDZKIE,ZREALIZOWANA,"7386"
"2023","08",ŁÓDZKIE,WYSTAWIONA,<5
"2023","08",MAŁOPOLSKIE,ZREALIZOWANA,"20223"
"2023","08",MAŁOPOLSKIE,WYSTAWIONA,"74"
"2023","08",MAZOWIECKIE,ZREALIZOWANA,"8589"
"2023","08",MAZOWIECKIE,WYSTAWIONA,"157"
"2023","08",OPOLSKIE,ZREALIZOWANA,"3550"
"2023","08",OPOLSKIE,WYSTAWIONA,<5
"2023","08",PODKARPACKIE,ZREALIZOWANA,"8073"
"2023","08",PODKARPACKIE,WYSTAWIONA,<5
"2023","08",PODLASKIE,ZREALIZOWANA,"2887"
"2023","08",PODLASKIE,WYSTAWIONA,"20"
"2023","08",POMORSKIE,ZREALIZOWANA,"3197"
"2023","08",POMORSKIE,WYSTAWIONA,"23"
"2023","08",ŚLĄSKIE,ZREALIZOWANA,"20098"
"2023","08",ŚLĄSKIE,WYSTAWIONA,"85"
"2023","08",ŚWIĘTOKRZYSKIE,ZREALIZOWANA,"7658"
"2023","08",ŚWIĘTOKRZYSKIE,WYSTAWIONA,"43"
"2023","08",WARMIŃSKO-MAZURSKIE,ZREALIZOWANA,"864"
"2023","08",WIELKOPOLSKIE,ZREALIZOWANA,"21794"
"2023","08",WIELKOPOLSKIE,WYSTAWIONA,"55"
"2023","08",ZACHODNIOPOMORSKIE,ZREALIZOWANA,"4225"
"2023","08",ZACHODNIOPOMORSKIE,WYSTAWIONA,"31"
"2023","08",,ZREALIZOWANA,"468"
"2023","09",DOLNOŚLĄSKIE,ZREALIZOWANA,"9995"
"2023","09",DOLNOŚLĄSKIE,WYSTAWIONA,"30"
"2023","09",KUJAWSKO-POMORSKIE,ZREALIZOWANA,"2031"
"2023","09",KUJAWSKO-POMORSKIE,WYSTAWIONA,"16"
"2023","09",LUBELSKIE,ZREALIZOWANA,"6397"
"2023","09",LUBELSKIE,WYSTAWIONA,"21"
"2023","09",LUBUSKIE,ZREALIZOWANA,"2453"
"2023","09",LUBUSKIE,WYSTAWIONA,<5
"2023","09",ŁÓDZKIE,ZREALIZOWANA,"7135"
"2023","09",ŁÓDZKIE,WYSTAWIONA,"5"
"2023","09",MAŁOPOLSKIE,ZREALIZOWANA,"19109"
"2023","09",MAŁOPOLSKIE,WYSTAWIONA,"79"
"2023","09",MAZOWIECKIE,ZREALIZOWANA,"8745"
"2023","09",MAZOWIECKIE,WYSTAWIONA,"163"
"2023","09",OPOLSKIE,ZREALIZOWANA,"3243"
"2023","09",OPOLSKIE,WYSTAWIONA,"6"
"2023","09",PODKARPACKIE,ZREALIZOWANA,"8018"
"2023","09",PODKARPACKIE,WYSTAWIONA,"6"
"2023","09",PODLASKIE,ZREALIZOWANA,"2680"
"2023","09",PODLASKIE,WYSTAWIONA,"27"
"2023","09",POMORSKIE,ZREALIZOWANA,"2994"
"2023","09",POMORSKIE,WYSTAWIONA,"29"
"2023","09",ŚLĄSKIE,ZREALIZOWANA,"19305"
"2023","09",ŚLĄSKIE,WYSTAWIONA,"80"
"2023","09",ŚWIĘTOKRZYSKIE,ZREALIZOWANA,"7805"
"2023","09",ŚWIĘTOKRZYSKIE,WYSTAWIONA,"38"
"2023","09",WARMIŃSKO-MAZURSKIE,ZREALIZOWANA,"812"
"2023","09",WIELKOPOLSKIE,ZREALIZOWANA,"20910"
"2023","09",WIELKOPOLSKIE,WYSTAWIONA,"85"
"2023","09",ZACHODNIOPOMORSKIE,ZREALIZOWANA,"3797"
"2023","09",ZACHODNIOPOMORSKIE,WYSTAWIONA,"28"
"2023","09",,ZREALIZOWANA,"427"
"2023","10",DOLNOŚLĄSKIE,ZREALIZOWANA,"10572"
"2023","10",DOLNOŚLĄSKIE,WYSTAWIONA,"31"
"2023","10",KUJAWSKO-POMORSKIE,ZREALIZOWANA,"2305"
"2023","10",KUJAWSKO-POMORSKIE,WYSTAWIONA,"15"
"2023","10",LUBELSKIE,ZREALIZOWANA,"6504"
"2023","10",LUBELSKIE,WYSTAWIONA,"7"
"2023","10",LUBUSKIE,ZREALIZOWANA,"2545"
"2023","10",LUBUSKIE,WYSTAWIONA,<5
"2023","10",ŁÓDZKIE,ZREALIZOWANA,"7347"
"2023","10",ŁÓDZKIE,WYSTAWIONA,"9"
"2023","10",MAŁOPOLSKIE,ZREALIZOWANA,"21858"
"2023","10",MAŁOPOLSKIE,WYSTAWIONA,"37"
"2023","10",MAZOWIECKIE,ZREALIZOWANA,"10122"
"2023","10",MAZOWIECKIE,WYSTAWIONA,"104"
"2023","10",OPOLSKIE,ZREALIZOWANA,"3731"
"2023","10",OPOLSKIE,WYSTAWIONA,<5
"2023","10",PODKARPACKIE,ZREALIZOWANA,"8670"
"2023","10",PODKARPACKIE,WYSTAWIONA,<5
"2023","10",PODLASKIE,ZREALIZOWANA,"2745"
"2023","10",PODLASKIE,WYSTAWIONA,"7"
"2023","10",POMORSKIE,ZREALIZOWANA,"3198"
"2023","10",POMORSKIE,WYSTAWIONA,"13"
"2023","10",ŚLĄSKIE,ZREALIZOWANA,"21286"
"2023","10",ŚLĄSKIE,WYSTAWIONA,"26"
"2023","10",ŚWIĘTOKRZYSKIE,ZREALIZOWANA,"8845"
"2023","10",ŚWIĘTOKRZYSKIE,WYSTAWIONA,"12"
"2023","10",WARMIŃSKO-MAZURSKIE,ZREALIZOWANA,"781"
"2023","10",WIELKOPOLSKIE,ZREALIZOWANA,"21881"
"2023","10",WIELKOPOLSKIE,WYSTAWIONA,"64"
"2023","10",ZACHODNIOPOMORSKIE,ZREALIZOWANA,"4107"
"2023","10",ZACHODNIOPOMORSKIE,WYSTAWIONA,"21"
"2023","10",,ZREALIZOWANA,"527"
"2023","11",DOLNOŚLĄSKIE,ZREALIZOWANA,"10171"
"2023","11",KUJAWSKO-POMORSKIE,ZREALIZOWANA,"2204"
"2023","11",LUBELSKIE,ZREALIZOWANA,"6908"
"2023","11",LUBUSKIE,ZREALIZOWANA,"2433"
"2023","11",ŁÓDZKIE,ZREALIZOWANA,"7146"
"2023","11",ŁÓDZKIE,WYSTAWIONA,<5
"2023","11",MAŁOPOLSKIE,ZREALIZOWANA,"21081"
"2023","11",MAZOWIECKIE,ZREALIZOWANA,"10281"
"2023","11",OPOLSKIE,ZREALIZOWANA,"3404"
"2023","11",PODKARPACKIE,ZREALIZOWANA,"8475"
"2023","11",PODLASKIE,ZREALIZOWANA,"2644"
"2023","11",POMORSKIE,ZREALIZOWANA,"3320"
"2023","11",ŚLĄSKIE,ZREALIZOWANA,"20774"
"2023","11",ŚWIĘTOKRZYSKIE,ZREALIZOWANA,"8008"
"2023","11",WARMIŃSKO-MAZURSKIE,ZREALIZOWANA,"946"
"2023","11",WIELKOPOLSKIE,ZREALIZOWANA,"21358"
"2023","11",WIELKOPOLSKIE,WYSTAWIONA,<5
"2023","11",ZACHODNIOPOMORSKIE,ZREALIZOWANA,"3942"
"2023","11",ZACHODNIOPOMORSKIE,WYSTAWIONA,<5
"2023","11",,ZREALIZOWANA,"491"
"2023","12",DOLNOŚLĄSKIE,ZREALIZOWANA,"12209"
"2023","12",KUJAWSKO-POMORSKIE,ZREALIZOWANA,"2832"
"2023","12",LUBELSKIE,ZREALIZOWANA,"8402"
"2023","12",LUBUSKIE,ZREALIZOWANA,"3281"
"2023","12",ŁÓDZKIE,ZREALIZOWANA,"8953"
"2023","12",MAŁOPOLSKIE,ZREALIZOWANA,"24731"
"2023","12",MAZOWIECKIE,ZREALIZOWANA,"11466"
"2023","12",OPOLSKIE,ZREALIZOWANA,"4067"
"2023","12",PODKARPACKIE,ZREALIZOWANA,"10352"
"2023","12",PODLASKIE,ZREALIZOWANA,"3172"
"2023","12",POMORSKIE,ZREALIZOWANA,"4057"
"2023","12",ŚLĄSKIE,ZREALIZOWANA,"24702"
"2023","12",ŚWIĘTOKRZYSKIE,ZREALIZOWANA,"10006"
"2023","12",WARMIŃSKO-MAZURSKIE,ZREALIZOWANA,"1023"
"2023","12",WIELKOPOLSKIE,ZREALIZOWANA,"24166"
"2023","12",ZACHODNIOPOMORSKIE,ZREALIZOWANA,"4757"
"2023","12",,ZREALIZOWANA,"525"
"2024","01",DOLNOŚLĄSKIE,ZREALIZOWANA,"9316"
"2024","01",KUJAWSKO-POMORSKIE,ZREALIZOWANA,"2424"
"2024","01",LUBELSKIE,ZREALIZOWANA,"7435"
"2024","01",LUBUSKIE,ZREALIZOWANA,"2412"
"2024","01",ŁÓDZKIE,ZREALIZOWANA,"7718"
"2024","01",MAŁOPOLSKIE,ZREALIZOWANA,"21738"
"2024","01",MAZOWIECKIE,ZREALIZOWANA,"9301"
"2024","01",OPOLSKIE,ZREALIZOWANA,"3311"
"2024","01",PODKARPACKIE,ZREALIZOWANA,"8808"
"2024","01",PODLASKIE,ZREALIZOWANA,"2602"
"2024","01",POMORSKIE,ZREALIZOWANA,"3281"
"2024","01",ŚLĄSKIE,ZREALIZOWANA,"21639"
"2024","01",ŚWIĘTOKRZYSKIE,ZREALIZOWANA,"7789"
"2024","01",WARMIŃSKO-MAZURSKIE,ZREALIZOWANA,"832"
"2024","01",WIELKOPOLSKIE,ZREALIZOWANA,"21234"
"2024","01",ZACHODNIOPOMORSKIE,ZREALIZOWANA,"3789"
"2024","01",,ZREALIZOWANA,"449"
"2024","02",DOLNOŚLĄSKIE,ZREALIZOWANA,"8974"
"2024","02",KUJAWSKO-POMORSKIE,ZREALIZOWANA,"2385"
"2024","02",LUBELSKIE,ZREALIZOWANA,"7053"
"2024","02",LUBUSKIE,ZREALIZOWANA,"2257"
"2024","02",ŁÓDZKIE,ZREALIZOWANA,"7527"
"2024","02",MAŁOPOLSKIE,ZREALIZOWANA,"21511"
"2024","02",MAZOWIECKIE,ZREALIZOWANA,"9388"
"2024","02",OPOLSKIE,ZREALIZOWANA,"3442"
"2024","02",PODKARPACKIE,ZREALIZOWANA,"7897"
"2024","02",PODLASKIE,ZREALIZOWANA,"2429"
"2024","02",POMORSKIE,ZREALIZOWANA,"3035"
"2024","02",ŚLĄSKIE,ZREALIZOWANA,"21298"
"2024","02",ŚWIĘTOKRZYSKIE,ZREALIZOWANA,"7712"
"2024","02",WARMIŃSKO-MAZURSKIE,ZREALIZOWANA,"795"
"2024","02",WIELKOPOLSKIE,ZREALIZOWANA,"20146"
"2024","02",ZACHODNIOPOMORSKIE,ZREALIZOWANA,"4051"
"2024","02",,ZREALIZOWANA,"505"
"2024","03",DOLNOŚLĄSKIE,ZREALIZOWANA,"9601"
"2024","03",KUJAWSKO-POMORSKIE,ZREALIZOWANA,"2874"
"2024","03",LUBELSKIE,ZREALIZOWANA,"7240"
"2024","03",LUBUSKIE,ZREALIZOWANA,"2562"
"2024","03",ŁÓDZKIE,ZREALIZOWANA,"8345"
"2024","03",MAŁOPOLSKIE,ZREALIZOWANA,"24209"
"2024","03",MAZOWIECKIE,ZREALIZOWANA,"10454"
"2024","03",OPOLSKIE,ZREALIZOWANA,"3687"
"2024","03",PODKARPACKIE,ZREALIZOWANA,"9262"
"2024","03",PODLASKIE,ZREALIZOWANA,"2742"
"2024","03",POMORSKIE,ZREALIZOWANA,"3689"
"2024","03",ŚLĄSKIE,ZREALIZOWANA,"23584"
"2024","03",ŚWIĘTOKRZYSKIE,ZREALIZOWANA,"8154"
"2024","03",WARMIŃSKO-MAZURSKIE,ZREALIZOWANA,"970"
"2024","03",WIELKOPOLSKIE,ZREALIZOWANA,"22084"
"2024","03",ZACHODNIOPOMORSKIE,ZREALIZOWANA,"4468"
"2024","03",,ZREALIZOWANA,"513"
"2024","04",DOLNOŚLĄSKIE,ZREALIZOWANA,"10174"
"2024","04",KUJAWSKO-POMORSKIE,ZREALIZOWANA,"2877"
"2024","04",LUBELSKIE,ZREALIZOWANA,"7344"
"2024","04",LUBUSKIE,ZREALIZOWANA,"2520"
"2024","04",ŁÓDZKIE,ZREALIZOWANA,"9097"
"2024","04",MAŁOPOLSKIE,ZREALIZOWANA,"25483"
"2024","04",MAZOWIECKIE,ZREALIZOWANA,"11192"
"2024","04",OPOLSKIE,ZREALIZOWANA,"3817"
"2024","04",PODKARPACKIE,ZREALIZOWANA,"10396"
"2024","04",PODLASKIE,ZREALIZOWANA,"2845"
"2024","04",POMORSKIE,ZREALIZOWANA,"3808"
"2024","04",ŚLĄSKIE,ZREALIZOWANA,"24317"
"2024","04",ŚWIĘTOKRZYSKIE,ZREALIZOWANA,"8870"
"2024","04",WARMIŃSKO-MAZURSKIE,ZREALIZOWANA,"1027"
"2024","04",WIELKOPOLSKIE,ZREALIZOWANA,"23192"
"2024","04",ZACHODNIOPOMORSKIE,ZREALIZOWANA,"4552"
"2024","04",,ZREALIZOWANA,"564"
"2024","05",DOLNOŚLĄSKIE,ZREALIZOWANA,"9766"
"2024","05",KUJAWSKO-POMORSKIE,ZREALIZOWANA,"2833"
"2024","05",LUBELSKIE,ZREALIZOWANA,"7871"
"2024","05",LUBUSKIE,ZREALIZOWANA,"2680"
"2024","05",ŁÓDZKIE,ZREALIZOWANA,"8632"
"2024","05",MAŁOPOLSKIE,ZREALIZOWANA,"25507"
"2024","05",MAZOWIECKIE,ZREALIZOWANA,"10574"
"2024","05",OPOLSKIE,ZREALIZOWANA,"3727"
"2024","05",PODKARPACKIE,ZREALIZOWANA,"11021"
"2024","05",PODLASKIE,ZREALIZOWANA,"2745"
"2024","05",POMORSKIE,ZREALIZOWANA,"3945"
"2024","05",ŚLĄSKIE,ZREALIZOWANA,"22905"
"2024","05",ŚWIĘTOKRZYSKIE,ZREALIZOWANA,"8762"
"2024","05",WARMIŃSKO-MAZURSKIE,ZREALIZOWANA,"1161"
"2024","05",WIELKOPOLSKIE,ZREALIZOWANA,"22324"
"2024","05",ZACHODNIOPOMORSKIE,ZREALIZOWANA,"4781"
"2024","05",,ZREALIZOWANA,"549"
"2024","06",DOLNOŚLĄSKIE,ZREALIZOWANA,"9316"
"2024","06",KUJAWSKO-POMORSKIE,ZREALIZOWANA,"2839"
"2024","06",LUBELSKIE,ZREALIZOWANA,"7449"
"2024","06",LUBUSKIE,ZREALIZOWANA,"2509"
"2024","06",ŁÓDZKIE,ZREALIZOWANA,"8565"
"2024","06",MAŁOPOLSKIE,ZREALIZOWANA,"24667"
"2024","06",MAZOWIECKIE,ZREALIZOWANA,"10834"
"2024","06",OPOLSKIE,ZREALIZOWANA,"3427"
"2024","06",PODKARPACKIE,ZREALIZOWANA,"11074"
"2024","06",PODLASKIE,ZREALIZOWANA,"2668"
"2024","06",POMORSKIE,ZREALIZOWANA,"4044"
"2024","06",ŚLĄSKIE,ZREALIZOWANA,"22828"
"2024","06",ŚWIĘTOKRZYSKIE,ZREALIZOWANA,"8039"
"2024","06",WARMIŃSKO-MAZURSKIE,ZREALIZOWANA,"1323"
"2024","06",WIELKOPOLSKIE,ZREALIZOWANA,"21334"
"2024","06",ZACHODNIOPOMORSKIE,ZREALIZOWANA,"4654"
"2024","06",,ZREALIZOWANA,"638"
"2024","07",DOLNOŚLĄSKIE,ZREALIZOWANA,"10144"
"2024","07",KUJAWSKO-POMORSKIE,ZREALIZOWANA,"3191"
"2024","07",LUBELSKIE,ZREALIZOWANA,"8101"
"2024","07",LUBUSKIE,ZREALIZOWANA,"2743"
"2024","07",ŁÓDZKIE,ZREALIZOWANA,"9324"
"2024","07",MAŁOPOLSKIE,ZREALIZOWANA,"27723"
"2024","07",MAZOWIECKIE,ZREALIZOWANA,"11680"
"2024","07",OPOLSKIE,ZREALIZOWANA,"3984"
"2024","07",PODKARPACKIE,ZREALIZOWANA,"11834"
"2024","07",PODLASKIE,ZREALIZOWANA,"2862"
"2024","07",POMORSKIE,ZREALIZOWANA,"4628"
"2024","07",ŚLĄSKIE,ZREALIZOWANA,"25244"
"2024","07",ŚWIĘTOKRZYSKIE,ZREALIZOWANA,"8615"
"2024","07",WARMIŃSKO-MAZURSKIE,ZREALIZOWANA,"1456"
"2024","07",WIELKOPOLSKIE,ZREALIZOWANA,"22366"
"2024","07",ZACHODNIOPOMORSKIE,ZREALIZOWANA,"5198"
"2024","07",,ZREALIZOWANA,"771"
"2024","08",DOLNOŚLĄSKIE,ZREALIZOWANA,"9791"
"2024","08",KUJAWSKO-POMORSKIE,ZREALIZOWANA,"3111"
"2024","08",LUBELSKIE,ZREALIZOWANA,"8005"
"2024","08",LUBUSKIE,ZREALIZOWANA,"2778"
"2024","08",ŁÓDZKIE,ZREALIZOWANA,"9019"
"2024","08",MAŁOPOLSKIE,ZREALIZOWANA,"28420"
"2024","08",MAZOWIECKIE,ZREALIZOWANA,"11880"
"2024","08",OPOLSKIE,ZREALIZOWANA,"4053"
"2024","08",PODKARPACKIE,ZREALIZOWANA,"12153"
"2024","08",PODLASKIE,ZREALIZOWANA,"2956"
"2024","08",POMORSKIE,ZREALIZOWANA,"4521"
"2024","08",ŚLĄSKIE,ZREALIZOWANA,"24626"
"2024","08",ŚWIĘTOKRZYSKIE,ZREALIZOWANA,"8730"
"2024","08",WARMIŃSKO-MAZURSKIE,ZREALIZOWANA,"1304"
"2024","08",WIELKOPOLSKIE,ZREALIZOWANA,"22105"
"2024","08",ZACHODNIOPOMORSKIE,ZREALIZOWANA,"5437"
"2024","08",,ZREALIZOWANA,"731"
"2024","09",DOLNOŚLĄSKIE,ZREALIZOWANA,"10394"
"2024","09",KUJAWSKO-POMORSKIE,ZREALIZOWANA,"3348"
"2024","09",LUBELSKIE,ZREALIZOWANA,"7276"
"2024","09",LUBUSKIE,ZREALIZOWANA,"2778"
"2024","09",ŁÓDZKIE,ZREALIZOWANA,"8882"
"2024","09",MAŁOPOLSKIE,ZREALIZOWANA,"26596"
"2024","09",MAZOWIECKIE,ZREALIZOWANA,"11967"
"2024","09",OPOLSKIE,ZREALIZOWANA,"3851"
"2024","09",PODKARPACKIE,ZREALIZOWANA,"11585"
"2024","09",PODKARPACKIE,WYSTAWIONA,<5
"2024","09",PODLASKIE,ZREALIZOWANA,"2842"
"2024","09",POMORSKIE,ZREALIZOWANA,"4311"
"2024","09",ŚLĄSKIE,ZREALIZOWANA,"23912"
"2024","09",ŚWIĘTOKRZYSKIE,ZREALIZOWANA,"8373"
"2024","09",WARMIŃSKO-MAZURSKIE,ZREALIZOWANA,"1201"
"2024","09",WIELKOPOLSKIE,ZREALIZOWANA,"22251"
"2024","09",ZACHODNIOPOMORSKIE,ZREALIZOWANA,"4853"
"2024","09",,ZREALIZOWANA,"608"
"2024","10",DOLNOŚLĄSKIE,ZREALIZOWANA,"11493"
"2024","10",KUJAWSKO-POMORSKIE,ZREALIZOWANA,"3495"
"2024","10",LUBELSKIE,ZREALIZOWANA,"8476"
"2024","10",LUBUSKIE,ZREALIZOWANA,"3209"
"2024","10",ŁÓDZKIE,ZREALIZOWANA,"9952"
"2024","10",MAŁOPOLSKIE,ZREALIZOWANA,"29861"
"2024","10",MAZOWIECKIE,ZREALIZOWANA,"14071"
"2024","10",OPOLSKIE,ZREALIZOWANA,"4201"
"2024","10",PODKARPACKIE,ZREALIZOWANA,"12929"
"2024","10",PODLASKIE,ZREALIZOWANA,"3121"
"2024","10",POMORSKIE,ZREALIZOWANA,"4867"
"2024","10",ŚLĄSKIE,ZREALIZOWANA,"27020"
"2024","10",ŚWIĘTOKRZYSKIE,ZREALIZOWANA,"9121"
"2024","10",WARMIŃSKO-MAZURSKIE,ZREALIZOWANA,"1327"
"2024","10",WIELKOPOLSKIE,ZREALIZOWANA,"24375"
"2024","10",ZACHODNIOPOMORSKIE,ZREALIZOWANA,"5150"
"2024","10",,ZREALIZOWANA,"688"
"2024","11",DOLNOŚLĄSKIE,ZREALIZOWANA,"10482"
"2024","11",KUJAWSKO-POMORSKIE,ZREALIZOWANA,"3509"
"2024","11",LUBELSKIE,ZREALIZOWANA,"7615"
"2024","11",LUBUSKIE,ZREALIZOWANA,"2859"
"2024","11",ŁÓDZKIE,ZREALIZOWANA,"9017"
"2024","11",MAŁOPOLSKIE,ZREALIZOWANA,"28166"
"2024","11",MAZOWIECKIE,ZREALIZOWANA,"13404"
"2024","11",OPOLSKIE,ZREALIZOWANA,"3795"
"2024","11",PODKARPACKIE,ZREALIZOWANA,"12606"
"2024","11",PODLASKIE,ZREALIZOWANA,"3303"
"2024","11",POMORSKIE,ZREALIZOWANA,"4697"
"2024","11",ŚLĄSKIE,ZREALIZOWANA,"25014"
"2024","11",ŚWIĘTOKRZYSKIE,ZREALIZOWANA,"8657"
"2024","11",WARMIŃSKO-MAZURSKIE,ZREALIZOWANA,"1298"
"2024","11",WIELKOPOLSKIE,ZREALIZOWANA,"22129"
"2024","11",ZACHODNIOPOMORSKIE,ZREALIZOWANA,"4777"
"2024","11",,ZREALIZOWANA,"718"
"2024","12",DOLNOŚLĄSKIE,ZREALIZOWANA,"12549"
"2024","12",KUJAWSKO-POMORSKIE,ZREALIZOWANA,"4134"
"2024","12",LUBELSKIE,ZREALIZOWANA,"8481"
"2024","12",LUBUSKIE,ZREALIZOWANA,"3418"
"2024","12",ŁÓDZKIE,ZREALIZOWANA,"10920"
"2024","12",MAŁOPOLSKIE,ZREALIZOWANA,"33840"
"2024","12",MAZOWIECKIE,ZREALIZOWANA,"15027"
"2024","12",OPOLSKIE,ZREALIZOWANA,"4234"
"2024","12",PODKARPACKIE,ZREALIZOWANA,"16010"
"2024","12",PODLASKIE,ZREALIZOWANA,"3461"
"2024","12",POMORSKIE,ZREALIZOWANA,"5327"
"2024","12",ŚLĄSKIE,ZREALIZOWANA,"29021"
"2024","12",ŚWIĘTOKRZYSKIE,ZREALIZOWANA,"10036"
"2024","12",WARMIŃSKO-MAZURSKIE,ZREALIZOWANA,"1567"
"2024","12",WIELKOPOLSKIE,ZREALIZOWANA,"25583"
"2024","12",ZACHODNIOPOMORSKIE,ZREALIZOWANA,"5530"
"2024","12",,ZREALIZOWANA,"701"
"2025","01",DOLNOŚLĄSKIE,ZREALIZOWANA,"11538"
"2025","01",KUJAWSKO-POMORSKIE,ZREALIZOWANA,"3869"
"2025","01",LUBELSKIE,ZREALIZOWANA,"8148"
"2025","01",LUBUSKIE,ZREALIZOWANA,"2716"
"2025","01",ŁÓDZKIE,ZREALIZOWANA,"10855"
"2025","01",MAŁOPOLSKIE,ZREALIZOWANA,"30266"
"2025","01",MAZOWIECKIE,ZREALIZOWANA,"13877"
"2025","01",OPOLSKIE,ZREALIZOWANA,"3819"
"2025","01",PODKARPACKIE,ZREALIZOWANA,"13904"
"2025","01",PODLASKIE,ZREALIZOWANA,"2952"
"2025","01",POMORSKIE,ZREALIZOWANA,"4804"
"2025","01",ŚLĄSKIE,ZREALIZOWANA,"26992"
"2025","01",ŚWIĘTOKRZYSKIE,ZREALIZOWANA,"8632"
"2025","01",WARMIŃSKO-MAZURSKIE,ZREALIZOWANA,"1556"
"2025","01",WIELKOPOLSKIE,ZREALIZOWANA,"23577"
"2025","01",ZACHODNIOPOMORSKIE,ZREALIZOWANA,"5181"
"2025","01",,ZREALIZOWANA,"692"
